index,molecule_chembl_id,canonical_smiles,bioactivity_class,standard_value
0,CHEMBL199572,CN(C(=O)c1ccc(-c2ccccc2)cc1)c1ccccc1C(=O)O,inactive,42600.0
1,CHEMBL199574,O=C(Nc1ccccc1C(=O)O)c1ccc2cc(Br)ccc2c1,inactive,142600.0
2,CHEMBL372561,CN(C(=O)c1ccc2cc(Br)ccc2c1)c1ccccc1C(=O)O,inactive,93400.0
3,CHEMBL370865,O=C(Nc1ccccc1C(=O)O)c1ccc(-c2ccccc2)cc1,inactive,153500.0
4,CHEMBL199575,CN(C(=O)c1ccc2ccccc2c1)c1ccccc1C(=O)O,inactive,200000.0
5,CHEMBL200536,O=C(Nc1ccccc1C(=O)O)c1ccc2ccccc2c1,inactive,200000.0
6,CHEMBL218467,CCOC(=O)C(=CNc1ccc2sc3ccccc3c2c1)C(=O)OCC,active,160.0
7,CHEMBL973,C/C(O)=C(\C#N)C(=O)Nc1ccc(C(F)(F)F)cc1,inactive,190100.0
8,CHEMBL217893,Cc1c(C(=O)Nc2cc(Cl)cc(Cl)c2)cccc1[N+](=O)[O-],active,230.0
9,CHEMBL217951,Cc1cc(Br)ccc1NC(=O)c1ccc2ccccc2c1,active,180.0
10,CHEMBL217897,CCOC(=O)C(=CNc1cccc(-c2ccccc2)c1)C(=O)OCC,inactive,86700.0
11,CHEMBL387254,CCOC(=O)/C(C#N)=C\Nc1cccc(-c2ccccc2)c1,inactive,21300.0
12,CHEMBL373493,CCOC(=O)C(=CNc1ccc(-c2ccccc2)cc1)C(=O)OCC,inactive,500000.0
13,CHEMBL374338,CCOC(=O)/C(C#N)=C\Nc1ccc(-c2ccccc2)cc1,inactive,500000.0
14,CHEMBL219855,CCOC(=O)C(=CNc1ccc2[nH]cnc2c1)C(=O)OCC,inactive,349100.0
15,CHEMBL413583,CCOC(=O)C(=CNc1ccccc1C)C(=O)OCC,inactive,345600.0
16,CHEMBL219856,CCOC(=O)C(=CNc1ccc(C)cc1)C(=O)OCC,inactive,40000.0
17,CHEMBL435137,CCOC(=O)C(=CNc1ccc2[nH]ncc2c1)C(=O)OCC,inactive,27780.0
18,CHEMBL218703,CCOC(=O)/C(C#N)=C\Nc1ccc2c(c1)c1ccccc1n2CC,active,440.0
19,CHEMBL454269,Cc1cc(Nc2ccccc2Cl)n2ncnc2n1,inactive,100000.0
20,CHEMBL473816,Cc1cc(Nc2ccccc2C)n2ncnc2n1,inactive,100000.0
21,CHEMBL475663,Cc1cc(Nc2ccccc2C(F)(F)F)n2ncnc2n1,inactive,100000.0
22,CHEMBL452667,Cc1cc(Nc2ccccc2C#N)n2ncnc2n1,inactive,100000.0
23,CHEMBL514038,Cc1cc(Nc2cccc(F)c2)n2ncnc2n1,intermediate_active,9200.0
24,CHEMBL499296,Cc1cc(Nc2cccc(Cl)c2)n2ncnc2n1,intermediate_active,1400.0
25,CHEMBL475664,Cc1cccc(Nc2cc(C)nc3ncnn23)c1,intermediate_active,4900.0
26,CHEMBL474842,Cc1cc(Nc2cccc(C(F)(F)F)c2)n2ncnc2n1,inactive,14000.0
27,CHEMBL474004,Cc1cc(Nc2ccc(F)cc2)n2ncnc2n1,inactive,19000.0
28,CHEMBL452465,Cc1cc(Nc2ccc(Cl)cc2)n2ncnc2n1,intermediate_active,1600.0
29,CHEMBL492520,Cc1cc(Nc2ccc(Br)cc2)n2ncnc2n1,active,780.0
30,CHEMBL492528,Cc1ccc(Nc2cc(C)nc3ncnn23)cc1,intermediate_active,4200.0
31,CHEMBL492529,Cc1cc(Nc2ccc(C(F)(F)F)cc2)n2ncnc2n1,active,280.0
32,CHEMBL523669,COc1ccc(Nc2cc(C)nc3ncnn23)cc1,intermediate_active,4600.0
33,CHEMBL492530,Cc1cc(Nc2ccc(OC(F)(F)F)cc2)n2ncnc2n1,intermediate_active,1200.0
34,CHEMBL492336,Cc1cc(Nc2ccc(OC(F)F)cc2)n2ncnc2n1,intermediate_active,2800.0
35,CHEMBL500504,Cc1cc(Nc2ccc([N+](=O)[O-])cc2)n2ncnc2n1,intermediate_active,4300.0
36,CHEMBL522991,Cc1cc(Nc2ccc(-c3ccccc3)cc2)n2ncnc2n1,intermediate_active,5300.0
37,CHEMBL492549,Cc1cc(Nc2ccc(Cc3ccccc3)cc2)n2ncnc2n1,intermediate_active,2200.0
38,CHEMBL506446,Cc1cc(Nc2cccc(F)c2F)n2ncnc2n1,inactive,39000.0
39,CHEMBL451525,Cc1cc(Nc2cc(F)ccc2F)n2ncnc2n1,inactive,50000.0
40,CHEMBL492550,Cc1cc(Nc2c(F)cccc2F)n2ncnc2n1,inactive,100000.0
41,CHEMBL493761,Cc1cc(Nc2ccc(F)c(F)c2F)n2ncnc2n1,inactive,29000.0
42,CHEMBL451417,Cc1cc(Nc2cc(F)c(F)cc2F)n2ncnc2n1,inactive,17000.0
43,CHEMBL523691,Cc1cc(Nc2c(F)cc(F)cc2F)n2ncnc2n1,inactive,100000.0
44,CHEMBL508404,Cc1cc(Nc2c(F)c(F)cc(F)c2F)n2ncnc2n1,inactive,100000.0
45,CHEMBL492497,Cc1cc(Nc2c(F)c(F)c(F)c(F)c2F)n2ncnc2n1,inactive,100000.0
46,CHEMBL502389,Cc1ccc(Nc2cc(C)nc3ncnn23)c(F)c1,inactive,27000.0
47,CHEMBL523163,Cc1cc(Nc2ccc(F)c(F)c2)n2ncnc2n1,intermediate_active,8000.0
48,CHEMBL492695,Cc1cc(Nc2cc(F)cc(F)c2)n2ncnc2n1,intermediate_active,9400.0
49,CHEMBL492711,Cc1cc(Nc2cc(C(F)(F)F)cc(C(F)(F)F)c2)n2ncnc2n1,inactive,100000.0
50,CHEMBL492712,Cc1cc(Nc2ccc(F)c(C)c2)n2ncnc2n1,intermediate_active,4600.0
51,CHEMBL452392,Cc1cc(Nc2ccc(Cl)c(C(F)(F)F)c2)n2ncnc2n1,active,800.0
52,CHEMBL13380,Cc1cc(Nc2ccc(Br)c(C(F)(F)F)c2)n2ncnc2n1,active,450.0
53,CHEMBL437480,Cc1cc(Nc2ccc(C)c(C(F)(F)F)c2)n2ncnc2n1,intermediate_active,1550.0
54,CHEMBL447995,Cc1cc(Nc2ccc(C)c(C)c2)n2ncnc2n1,active,350.0
55,CHEMBL522325,Cc1cc(Nc2ccc(C#N)c(C(F)(F)F)c2)n2ncnc2n1,intermediate_active,4900.0
56,CHEMBL492719,Cc1cc(Nc2ccc(C)c(F)c2)n2ncnc2n1,active,860.0
57,CHEMBL492720,Cc1cc(Nc2ccc(C(F)(F)F)c(F)c2)n2ncnc2n1,active,77.0
58,CHEMBL444928,Cc1cc(Nc2ccccc2F)n2ncnc2n1,inactive,100000.0
59,CHEMBL475813,Cc1cc(Nc2ccc3ccccc3c2)n2ncnc2n1,active,47.0
60,CHEMBL475814,Cc1cc(Nc2ccc3cc4ccccc4cc3c2)n2ncnc2n1,active,56.0
61,CHEMBL446825,Cc1cc(Nc2ccccc2)n2ncnc2n1,inactive,100000.0
62,CHEMBL449358,Cc1cc(Nc2cccc3ccccc23)n2ncnc2n1,inactive,45000.0
63,CHEMBL484305,Cc1cc(Nc2ccc3c(=O)cc(C)oc3c2)n2ncnc2n1,intermediate_active,2000.0
64,CHEMBL487518,Cc1cc(Nc2cc3ccccc3cc2O)n2ncnc2n1,active,330.0
65,CHEMBL451880,Cc1cc(Nc2ccc3ncccc3c2)n2ncnc2n1,intermediate_active,1200.0
66,CHEMBL503135,Cc1cc(Nc2cnc3ccccc3c2)n2ncnc2n1,intermediate_active,1700.0
67,CHEMBL487517,Cc1cc(Nc2ccc(C(N)=O)cc2)n2ncnc2n1,inactive,200000.0
68,CHEMBL486697,Cc1cc(N(Cc2ccccc2)c2ccc3ccccc3c2)n2ncnc2n1,inactive,93000.0
69,CHEMBL486490,Cc1cc(N(C)c2ccc3ccccc3c2)n2ncnc2n1,intermediate_active,3000.0
70,CHEMBL486489,Cc1nc2ncnn2c(Nc2ccc3ccccc3c2)c1C,active,160.0
71,CHEMBL484294,CCc1cc(Nc2ccc3ccccc3c2)n2ncnc2n1,active,190.0
72,CHEMBL519836,FC(F)(F)c1cc(Nc2ccc3ccccc3c2)n2ncnc2n1,active,210.0
73,CHEMBL1450,O=C1C(O)=C([C@H]2CC[C@H](c3ccc(Cl)cc3)CC2)C(=O)c2ccccc21,inactive,10000.0
74,CHEMBL567597,C[C@@H]1CC[C@H]2[C@@H](C)C(=O)O[C@@H]3O[C@]4(C)CC[C@@H]1[C@]32OO4,inactive,10000.0
75,CHEMBL275638,O=c1cc(-c2ccccc2)oc2ccccc12,inactive,10000.0
76,CHEMBL429023,C=C(C)[C@H]1Cc2c(ccc3c2O[C@@H]2COc4cc(OC)c(OC)cc4[C@@H]2C3=O)O1,inactive,10000.0
77,CHEMBL481680,[Cl-].c1ccc([I+]c2ccccc2)cc1,inactive,10000.0
78,CHEMBL397686,[Cl-].c1ccc2c(c1)[I+]c1ccccc1-2,inactive,10000.0
79,CHEMBL224182,CCCCCCCCCCCCc1cc(=O)c2ccccc2n1O,intermediate_active,4000.0
80,CHEMBL211501,CCCCCC[C@H]1C(=O)O[C@H](C)[C@H](NC(=O)c2cccc(NC=O)c2O)C(=O)O[C@@H](C)[C@@H]1OC(=O)CC(C)C,inactive,10000.0
81,CHEMBL483995,CCOc1cccc(-c2ccc(NC(=O)/C(C#N)=C(/C)O)cc2)c1,inactive,182400.0
82,CHEMBL483994,C/C(O)=C(\C#N)C(=O)Nc1ccc(-c2ccccc2)cc1Cl,inactive,51100.0
83,CHEMBL484531,C/C(O)=C(\C#N)C(=O)Nc1ccc(-c2ccccc2Cl)cc1,inactive,47400.0
84,CHEMBL505315,C/C(O)=C(\C#N)C(=O)Nc1ccc(-c2cccc(Cl)c2Cl)cc1,inactive,27200.0
85,CHEMBL520008,C/C(O)=C(\C#N)C(=O)Nc1ccc(-c2cccc(Cl)c2)c(Cl)c1,inactive,236600.0
86,CHEMBL484780,C/C(O)=C(\C#N)C(=O)Nc1ccc(-c2ccccc2Cl)c(Cl)c1,inactive,165000.0
87,CHEMBL484602,C/C(O)=C(\C#N)C(=O)Nc1ccc(-c2cccc(Cl)c2)cc1C(F)(F)F,inactive,57200.0
88,CHEMBL484595,C/C(O)=C(\C#N)C(=O)Nc1ccc(-c2cccc(Cl)c2)cc1Cl,inactive,49100.0
89,CHEMBL484594,C/C(O)=C(\C#N)C(=O)Nc1ccc(-c2c(Cl)cccc2Cl)cc1Cl,inactive,10200.0
90,CHEMBL520999,C/C(O)=C(\C#N)C(=O)Nc1ccc(-c2cccc(Cl)c2Cl)cc1Cl,intermediate_active,9900.0
91,CHEMBL483161,COc1ccccc1-c1ccc(NC(=O)/C(C#N)=C(/C)O)c(Cl)c1,intermediate_active,8600.0
92,CHEMBL520306,C/C(O)=C(\C#N)C(=O)Nc1ccc(-c2ccccc2Cl)cc1C(F)(F)F,intermediate_active,6200.0
93,CHEMBL483552,C/C(O)=C(\C#N)C(=O)Nc1ccc(-c2ccccc2Cl)cc1Cl,intermediate_active,4000.0
94,CHEMBL142996,N#C/C(C(=O)Nc1ccc(-c2ccccc2)cc1)=C(/O)C1CC1,inactive,223600.0
95,CHEMBL519160,C/C(O)=C(\C#N)C(=O)Nc1ccc(-c2ccccc2)cc1,inactive,25700.0
96,CHEMBL141732,N#C/C(C(=O)Nc1ccc(C(F)(F)F)cc1)=C(/O)C1CC1,inactive,92500.0
97,CHEMBL973,C/C(O)=C(\C#N)C(=O)Nc1ccc(C(F)(F)F)cc1,inactive,190100.0
98,CHEMBL586157,Cc1cc(Nc2ccc3c(c2)CCC3)n2ncnc2n1,active,220.0
99,CHEMBL1784578,Cc1cc(Nc2ccc3c(c2)CCCC3)n2ncnc2n1,active,64.0
100,CHEMBL1784577,Cc1cc(Nc2cc(F)c(C(F)(F)F)c(F)c2)n2ncnc2n1,active,190.0
101,CHEMBL1784576,Cc1cc(Nc2ccc(C(F)(F)F)c(C(F)(F)F)c2)n2ncnc2n1,active,540.0
102,CHEMBL1784575,Cc1cc(Nc2ccc(Cl)c(F)c2)n2ncnc2n1,active,550.0
103,CHEMBL1784574,Cc1cc(Nc2ccc(C(C)(C)C)c(F)c2)n2ncnc2n1,active,35.0
104,CHEMBL1784573,Cc1cc(Nc2ccc(C(C)(C)C#N)cc2)n2ncnc2n1,active,1000.0
105,CHEMBL1784572,Cc1cc(Nc2ccc(OC(C)(C)C)cc2)n2ncnc2n1,inactive,44000.0
106,CHEMBL1784571,Cc1cc(Nc2ccc(NC(C)(C)C)cc2)n2ncnc2n1,inactive,50000.0
107,CHEMBL1784570,Cc1cc(Nc2ccc(N3CCOCC3)cc2)n2ncnc2n1,inactive,100000.0
108,CHEMBL1784569,Cc1cc(Nc2ccc(N3CCCC3)cc2)n2ncnc2n1,intermediate_active,3500.0
109,CHEMBL582694,Cc1cc(Nc2ccc(N(C)C)cc2)n2ncnc2n1,active,820.0
110,CHEMBL1784568,Cc1cc(Nc2ccc(OCc3ccccc3)cc2)n2ncnc2n1,intermediate_active,5400.0
111,CHEMBL1784567,Cc1cc(Nc2ccc(S(F)(F)(F)(F)F)cc2)n2ncnc2n1,active,130.0
112,CHEMBL1784566,Cc1cc(Nc2ccc(SC(F)(F)F)cc2)n2ncnc2n1,active,610.0
113,CHEMBL1784565,Cc1cc(Nc2ccc(CC(F)(F)F)cc2)n2ncnc2n1,intermediate_active,2500.0
114,CHEMBL1784564,C#Cc1ccc(Nc2cc(C)nc3ncnn23)cc1,intermediate_active,1100.0
115,CHEMBL1784563,C=Cc1ccc(Nc2cc(C)nc3ncnn23)cc1,active,800.0
116,CHEMBL1784562,Cc1cc(Nc2ccc(C3CC3)cc2)n2ncnc2n1,active,420.0
117,CHEMBL1784561,Cc1cc(Nc2ccc(C(C)(C)C)cc2)n2ncnc2n1,active,78.0
118,CHEMBL600255,Cc1cc(Nc2ccc(C(C)C)cc2)n2ncnc2n1,active,220.0
119,CHEMBL1784560,CCCCCCCCc1ccc(Nc2cc(C)nc3ncnn23)cc1,inactive,50000.0
120,CHEMBL1784559,CCCCCCCc1ccc(Nc2cc(C)nc3ncnn23)cc1,inactive,24000.0
121,CHEMBL1784558,CCCCCCc1ccc(Nc2cc(C)nc3ncnn23)cc1,intermediate_active,4200.0
122,CHEMBL1784557,CCCCCc1ccc(Nc2cc(C)nc3ncnn23)cc1,active,820.0
123,CHEMBL1784556,CCCCc1ccc(Nc2cc(C)nc3ncnn23)cc1,active,280.0
124,CHEMBL1784555,CCCc1ccc(Nc2cc(C)nc3ncnn23)cc1,active,990.0
125,CHEMBL1714424,CCc1ccc(Nc2cc(C)nc3ncnn23)cc1,active,610.0
126,CHEMBL1784579,Cc1cc(Nc2ccc3c(c2)OCO3)n2ncnc2n1,intermediate_active,1600.0
127,CHEMBL1784580,Cc1cc(Nc2ccc3sccc3c2)n2ncnc2n1,active,90.0
128,CHEMBL1784581,Cc1cc(Nc2ccc3[nH]c(C(F)(F)F)nc3c2)n2ncnc2n1,inactive,21000.0
129,CHEMBL1784589,Cc1cc(NC2Cc3ccccc3C2)n2ncnc2n1,active,500.0
130,CHEMBL1784593,Cc1cc(NC2CCc3ccccc3C2)n2ncnc2n1,active,540.0
131,CHEMBL1784590,Cc1cc(NC2Cc3ccc(F)cc3C2)n2ncnc2n1,active,610.0
132,CHEMBL1784594,Cc1cc(NC2CCc3cc(F)ccc3C2)n2ncnc2n1,active,630.0
133,CHEMBL1784595,Cc1cc(NC2CCc3cc(Cl)ccc3C2)n2ncnc2n1,active,670.0
134,CHEMBL1784591,Cc1cc(NC2Cc3ccc(Br)cc3C2)n2ncnc2n1,intermediate_active,1200.0
135,CHEMBL1784592,COc1cc2c(cc1OC)CC(Nc1cc(C)nc3ncnn13)C2,intermediate_active,4600.0
136,CHEMBL1784710,CCCCCCCNc1cc(C)nc2ncnn12,intermediate_active,8600.0
137,CHEMBL1784708,Cc1cc(NCCc2ccccc2)n2ncnc2n1,inactive,15000.0
138,CHEMBL1784709,Cc1cc(NCCCc2ccccc2)n2ncnc2n1,inactive,26000.0
139,CHEMBL1784588,Cc1cc(NC2CCCCCCCCCCC2)n2ncnc2n1,inactive,58000.0
140,CHEMBL1784582,Cc1cc(NC2CC2)n2ncnc2n1,inactive,100000.0
141,CHEMBL1784583,Cc1cc(NC2CCC2)n2ncnc2n1,inactive,100000.0
142,CHEMBL1784584,Cc1cc(NC2CCCC2)n2ncnc2n1,inactive,100000.0
143,CHEMBL1784585,Cc1cc(NC2CCCCC2)n2ncnc2n1,inactive,100000.0
144,CHEMBL1784586,Cc1cc(NC2CCCCCC2)n2ncnc2n1,inactive,100000.0
145,CHEMBL1784587,Cc1cc(NC2CCCCCCC2)n2ncnc2n1,inactive,100000.0
146,CHEMBL1784596,Cc1cc(NOc2ccccc2)n2ncnc2n1,inactive,100000.0
147,CHEMBL1529387,Cc1cc(NCc2ccccc2)n2ncnc2n1,inactive,100000.0
148,CHEMBL1784706,Cc1cc(NCc2ccc(F)cc2)n2ncnc2n1,inactive,100000.0
149,CHEMBL1784707,Cc1cc(NCc2ccc(C(F)(F)F)cc2)n2ncnc2n1,inactive,100000.0
150,CHEMBL1784711,CCc1cc(Nc2ccc(C(F)(F)F)cc2)n2ncnc2n1,active,780.0
151,CHEMBL1784712,FC(F)(F)c1ccc(Nc2cc(C(F)(F)F)nc3ncnn23)cc1,intermediate_active,1700.0
152,CHEMBL1784713,FC(F)(F)c1ccc(Nc2cc(Cl)nc3ncnn23)cc1,active,170.0
153,CHEMBL1784714,CCc1c(C)nc2ncnn2c1Nc1ccc(C(C)C)cc1,intermediate_active,1700.0
154,CHEMBL1784715,CCc1c(C)nc2ncnn2c1Nc1ccc(OC(F)(F)F)cc1,intermediate_active,3200.0
155,CHEMBL1784716,CCCc1c(C)nc2ncnn2c1Nc1ccc(C)cc1,inactive,100000.0
156,CHEMBL1784717,Cc1ccc(Nc2c3c(nc4ncnn24)CCC3)cc1F,intermediate_active,1400.0
157,CHEMBL1956499,Cc1cc(Nc2ccc(C(F)(F)F)cc2)n2nc(CCO)nc2n1,active,930.0
158,CHEMBL1956498,Cc1cc(Nc2cccc(Cl)c2)n2nc(CO)nc2n1,intermediate_active,6100.0
159,CHEMBL1956497,Cc1cc(Nc2ccc(Cl)cc2)n2nc(CO)nc2n1,intermediate_active,5300.0
160,CHEMBL1956496,Cc1cc(Nc2ccc(Cl)cc2)n2nc(CCN)nc2n1,inactive,10000.0
161,CHEMBL1956495,CNCc1nc2nc(C)cc(Nc3cccc(Cl)c3)n2n1,inactive,10000.0
162,CHEMBL1956494,Cc1cc(Nc2cccc(Cl)c2)n2nc(CN)nc2n1,inactive,10000.0
163,CHEMBL1956493,Cc1cc(Nc2cccc(Cl)c2)n2nc(CN(C)C)nc2n1,inactive,10000.0
164,CHEMBL1956492,CNCCc1nc2nc(C)cc(Nc3cccc(Cl)c3)n2n1,inactive,10000.0
165,CHEMBL1956491,Cc1cc(Nc2ccc(Cl)cc2)n2nc(CN(C)C)nc2n1,inactive,10000.0
166,CHEMBL1956490,CNCc1nc2nc(C)cc(Nc3ccc(Cl)cc3)n2n1,inactive,10000.0
167,CHEMBL1956489,Cc1cc(Nc2ccc(Cl)cc2)n2nc(CN)nc2n1,inactive,10000.0
168,CHEMBL1956488,CNCCc1nc2nc(C)cc(Nc3ccc(Cl)cc3)n2n1,inactive,10000.0
169,CHEMBL1956487,Cc1cc(Nc2cccc(Cl)c2)n2[nH]c(=O)nc2n1,inactive,10000.0
170,CHEMBL1956486,Cc1cc(Nc2ccc(Cl)cc2)n2[nH]c(=O)nc2n1,inactive,10000.0
171,CHEMBL1956485,Cc1cc(Nc2ccc(Cl)cc2)n2nc(OCCN)nc2n1,inactive,10000.0
172,CHEMBL1956484,Cc1cc(Nc2ccc(C(F)(F)F)cc2)n2nc(OCCN)nc2n1,inactive,10000.0
173,CHEMBL1956483,Cc1cc(Nc2cccc(Cl)c2)n2nc(OCCN)nc2n1,inactive,10000.0
174,CHEMBL1956482,Cc1cc(Nc2ccc(S(F)(F)(F)(F)F)cc2)n2nc(OCCN(C)C)nc2n1,inactive,10000.0
175,CHEMBL1956481,Cc1cc(Nc2ccc(C(F)(F)F)cc2)n2nc(OCCN(C)C)nc2n1,inactive,10000.0
176,CHEMBL1956480,Cc1cc(Nc2cccc(Cl)c2)n2nc(OCCN(C)C)nc2n1,inactive,10000.0
177,CHEMBL1956479,Cc1cc(Nc2ccc(Cl)cc2)n2nc(OCCN(C)C)nc2n1,inactive,10000.0
178,CHEMBL1955872,CNCCOc1nc2nc(C)cc(Nc3ccc(S(F)(F)(F)(F)F)cc3)n2n1,inactive,10000.0
179,CHEMBL1956478,CNCCOc1nc2nc(C)cc(Nc3ccc(C(F)(F)F)cc3)n2n1,inactive,10000.0
180,CHEMBL1956477,CNCCOc1nc2nc(C)cc(Nc3cccc(Cl)c3)n2n1,inactive,10000.0
181,CHEMBL1956476,CNCCOc1nc2nc(C)cc(Nc3ccc(Cl)cc3)n2n1,inactive,10000.0
182,CHEMBL1956475,COCCOc1nc2nc(C)cc(Nc3cccc(Cl)c3)n2n1,intermediate_active,4900.0
183,CHEMBL1956474,COCCOc1nc2nc(C)cc(Nc3ccc(Cl)cc3)n2n1,inactive,10000.0
184,CHEMBL1956473,CCOc1nc2nc(C)cc(Nc3ccc(S(F)(F)(F)(F)F)cc3)n2n1,active,57.0
185,CHEMBL1956472,CCOc1nc2nc(C)cc(Nc3ccc(C(F)(F)F)cc3)n2n1,active,56.0
186,CHEMBL1956471,CCOc1nc2nc(C)cc(Nc3ccc(Cl)cc3)n2n1,active,270.0
187,CHEMBL1956470,CCOc1nc2nc(C)cc(Nc3cccc(Cl)c3)n2n1,active,400.0
188,CHEMBL1956469,COc1nc2nc(C)cc(Nc3ccc(Cl)cc3)n2n1,active,460.0
189,CHEMBL1956468,COc1nc2nc(C)cc(Nc3cccc(Cl)c3)n2n1,active,500.0
190,CHEMBL1956467,Cc1cc(Nc2ccc(S(F)(F)(F)(F)F)cc2)n2nc(S(C)(=O)=O)nc2n1,active,110.0
191,CHEMBL1956466,Cc1cc(Nc2ccc(C(F)(F)F)cc2)n2nc(S(C)(=O)=O)nc2n1,active,90.0
192,CHEMBL1956305,Cc1cc(Nc2cccc(Cl)c2)n2nc(S(C)(=O)=O)nc2n1,active,160.0
193,CHEMBL1956304,Cc1cc(Nc2ccc(Cl)cc2)n2nc(S(C)(=O)=O)nc2n1,active,45.0
194,CHEMBL1956303,CSc1nc2nc(C)cc(Nc3ccc(S(F)(F)(F)(F)F)cc3)n2n1,active,30.0
195,CHEMBL1956302,CSc1nc2nc(C)cc(Nc3ccc(C(F)(F)F)cc3)n2n1,active,36.0
196,CHEMBL1956301,CSc1nc2nc(C)cc(Nc3cccc(Cl)c3)n2n1,active,26.0
197,CHEMBL1956300,CSc1nc2nc(C)cc(Nc3ccc(Cl)cc3)n2n1,active,30.0
198,CHEMBL1956299,COCCc1nc2nc(C)cc(Nc3ccc(S(F)(F)(F)(F)F)cc3)n2n1,intermediate_active,2500.0
199,CHEMBL1956298,COCCc1nc2nc(C)cc(Nc3ccc(C(F)(F)F)cc3)n2n1,intermediate_active,2500.0
200,CHEMBL1956297,COCCc1nc2nc(C)cc(Nc3cccc(Cl)c3)n2n1,inactive,10000.0
201,CHEMBL1956296,COCCc1nc2nc(C)cc(Nc3ccc(Cl)cc3)n2n1,inactive,10000.0
202,CHEMBL1956295,COCc1nc2nc(C)cc(Nc3ccc(S(F)(F)(F)(F)F)cc3)n2n1,active,390.0
203,CHEMBL1956294,COCc1nc2nc(C)cc(Nc3ccc(C(F)(F)F)cc3)n2n1,active,410.0
204,CHEMBL1956293,COCc1nc2nc(C)cc(Nc3cccc(Cl)c3)n2n1,intermediate_active,1700.0
205,CHEMBL1956292,COCc1nc2nc(C)cc(Nc3ccc(Cl)cc3)n2n1,intermediate_active,2200.0
206,CHEMBL1956291,Cc1cc(Nc2ccc(S(F)(F)(F)(F)F)cc2)n2nc(C(F)(F)F)nc2n1,active,30.0
207,CHEMBL1956290,Cc1cc(Nc2ccc(C(F)(F)F)cc2)n2nc(C(F)(F)F)nc2n1,active,35.0
208,CHEMBL1956289,CCC(F)(F)c1nc2nc(C)cc(Nc3ccc(S(F)(F)(F)(F)F)cc3)n2n1,active,75.0
209,CHEMBL1956288,CCC(F)(F)c1nc2nc(C)cc(Nc3ccc(C(F)(F)F)cc3)n2n1,active,19.0
210,CHEMBL1956287,CCC(F)(F)c1nc2nc(C)cc(Nc3cccc(Cl)c3)n2n1,active,30.0
211,CHEMBL1956286,CCC(F)(F)c1nc2nc(C)cc(Nc3ccc(Cl)cc3)n2n1,active,34.0
212,CHEMBL1956285,Cc1cc(Nc2ccc(S(F)(F)(F)(F)F)cc2)n2nc(C(C)(F)F)nc2n1,active,33.0
213,CHEMBL1738786,Cc1cc(Nc2ccc(C(F)(F)F)cc2)n2nc(C(C)(F)F)nc2n1,active,38.0
214,CHEMBL1956284,Cc1cc(Nc2cccc(Cl)c2)n2nc(C(C)(F)F)nc2n1,active,54.0
215,CHEMBL1956283,Cc1cc(Nc2ccc(Cl)cc2)n2nc(C(C)(F)F)nc2n1,active,38.0
216,CHEMBL1956282,Cc1cc(Nc2ccc(S(F)(F)(F)(F)F)cc2)n2nc(CC3CC3)nc2n1,intermediate_active,5700.0
217,CHEMBL1956281,Cc1cc(Nc2ccc(C(F)(F)F)cc2)n2nc(CC3CC3)nc2n1,intermediate_active,1700.0
218,CHEMBL1955870,Cc1cc(Nc2cccc(Cl)c2)n2nc(CC3CC3)nc2n1,inactive,10000.0
219,CHEMBL1956280,Cc1cc(Nc2ccc(Cl)cc2)n2nc(CC3CC3)nc2n1,inactive,12000.0
220,CHEMBL1956279,Cc1cc(Nc2ccc(S(F)(F)(F)(F)F)cc2)n2nc(C3CC3)nc2n1,active,93.0
221,CHEMBL1956278,Cc1cc(Nc2ccc(C(F)(F)F)cc2)n2nc(C3CC3)nc2n1,active,140.0
222,CHEMBL1956277,Cc1cc(Nc2cccc(Cl)c2)n2nc(C3CC3)nc2n1,active,820.0
223,CHEMBL1956276,Cc1cc(Nc2ccc(Cl)cc2)n2nc(C3CC3)nc2n1,active,880.0
224,CHEMBL1956275,CCC(C)c1nc2nc(C)cc(Nc3ccc(S(F)(F)(F)(F)F)cc3)n2n1,active,330.0
225,CHEMBL1956274,CCC(C)c1nc2nc(C)cc(Nc3ccc(C(F)(F)F)cc3)n2n1,active,380.0
226,CHEMBL1956273,Cc1cc(Nc2ccc(S(F)(F)(F)(F)F)cc2)n2nc(C(C)(C)C)nc2n1,active,550.0
227,CHEMBL1956272,Cc1cc(Nc2ccc(C(F)(F)F)cc2)n2nc(C(C)(C)C)nc2n1,active,460.0
228,CHEMBL1956271,Cc1cc(Nc2ccc(S(F)(F)(F)(F)F)cc2)n2nc(CC(C)C)nc2n1,inactive,10000.0
229,CHEMBL1956270,Cc1cc(Nc2ccc(C(F)(F)F)cc2)n2nc(CC(C)C)nc2n1,intermediate_active,2000.0
230,CHEMBL1956261,Cc1cc(Nc2cccc(Cl)c2)n2nc(CC(C)C)nc2n1,inactive,10000.0
231,CHEMBL1956260,Cc1cc(Nc2ccc(Cl)cc2)n2nc(CC(C)C)nc2n1,inactive,10000.0
232,CHEMBL1956269,Cc1cc(Nc2ccc(S(F)(F)(F)(F)F)cc2)n2nc(C(C)C)nc2n1,active,100.0
233,CHEMBL1956268,Cc1cc(Nc2ccc(C(F)(F)F)cc2)n2nc(C(C)C)nc2n1,active,110.0
234,CHEMBL1956267,Cc1cc(Nc2cccc(Cl)c2)n2nc(C(C)C)nc2n1,active,120.0
235,CHEMBL1956266,Cc1cc(Nc2ccc(Cl)cc2)n2nc(C(C)C)nc2n1,active,330.0
236,CHEMBL1956265,CCc1nc2nc(C)cc(Nc3ccc(S(F)(F)(F)(F)F)cc3)n2n1,active,150.0
237,CHEMBL1956264,CCc1nc2nc(C)cc(Nc3ccc(C(F)(F)F)cc3)n2n1,active,87.0
238,CHEMBL1956263,CCc1nc2nc(C)cc(Nc3cccc(Cl)c3)n2n1,active,240.0
239,CHEMBL1956262,CCc1nc2nc(C)cc(Nc3ccc(Cl)cc3)n2n1,active,280.0
240,CHEMBL2012819,NC(=O)c1ccc(-n2cnc3ccccc32)s1,inactive,30000.0
241,CHEMBL2012820,CNC(=O)c1ccc(-n2cnc3ccccc32)s1,intermediate_active,1080.0
242,CHEMBL2012821,CCNC(=O)c1ccc(-n2cnc3ccccc32)s1,active,140.0
243,CHEMBL2012822,CCCNC(=O)c1ccc(-n2cnc3ccccc32)s1,active,700.0
244,CHEMBL2012823,CC(C)NC(=O)c1ccc(-n2cnc3ccccc32)s1,active,680.0
245,CHEMBL2012824,O=C(NC1CC1)c1ccc(-n2cnc3ccccc32)s1,active,60.0
246,CHEMBL2012825,O=C(NC1CCC1)c1ccc(-n2cnc3ccccc32)s1,active,420.0
247,CHEMBL2012826,CCCCNC(=O)c1ccc(-n2cnc3ccccc32)s1,inactive,28600.0
248,CHEMBL2012827,O=C(NC1CCCC1)c1ccc(-n2cnc3ccccc32)s1,intermediate_active,2510.0
249,CHEMBL2012828,CN(C)C(=O)c1ccc(-n2cnc3ccccc32)s1,inactive,30000.0
250,CHEMBL2012829,Cc1nc2ccccc2n1-c1ccc(C(=O)NC2CC2)s1,active,80.0
251,CHEMBL2012830,CCc1nc2ccccc2n1-c1ccc(C(=O)NC2CC2)s1,active,110.0
252,CHEMBL2012831,CCCc1nc2ccccc2n1-c1ccc(C(=O)NC2CC2)s1,active,180.0
253,CHEMBL2012940,O=C(NC1CC1)c1ccc(-n2c(=O)[nH]c3ccccc32)s1,inactive,30000.0
254,CHEMBL2012941,O=C(NC1CC1)c1ccc(-n2c(C(F)(F)F)nc3ccccc32)s1,active,570.0
255,CHEMBL2012942,CN(C)c1nc2ccccc2n1-c1ccc(C(=O)NC2CC2)s1,intermediate_active,5600.0
256,CHEMBL2012943,Cc1cccc2c1nc(C)n2-c1ccc(C(=O)NC2CC2)s1,active,39.0
257,CHEMBL2012944,Cc1ccc2c(c1)nc(C)n2-c1ccc(C(=O)NC2CC2)s1,active,56.0
258,CHEMBL2012945,Cc1ccc2nc(C)n(-c3ccc(C(=O)NC4CC4)s3)c2c1,active,56.0
259,CHEMBL2012946,Cc1cccc2nc(C)n(-c3ccc(C(=O)NC4CC4)s3)c12,active,609.0
260,CHEMBL1234899,Cc1nc2cc(OC(F)(F)F)ccc2n1-c1ccc(C(=O)NC2CC2)s1,active,22.0
261,CHEMBL2012947,Cc1nc2ccc(OC(F)(F)F)cc2n1-c1ccc(C(=O)NC2CC2)s1,active,52.0
262,CHEMBL2012948,Cc1nc2cc(C(F)(F)F)ccc2n1-c1ccc(C(=O)NC2CC2)s1,active,28.0
263,CHEMBL2012949,Cc1nc2ccc(C(F)(F)F)cc2n1-c1ccc(C(=O)NC2CC2)s1,active,92.0
264,CHEMBL2012950,COc1cccc2c1nc(C)n2-c1ccc(C(=O)NC2CC2)s1,active,162.0
265,CHEMBL2012951,Cc1nc2c(OC(F)F)cccc2n1-c1ccc(C(=O)NC2CC2)s1,active,44.0
266,CHEMBL2012952,Cc1nc2c(OCCF)cccc2n1-c1ccc(C(=O)NC2CC2)s1,active,28.0
267,CHEMBL2012953,Cc1nc2c(F)cccc2n1-c1ccc(C(=O)NC2CC2)s1,active,34.0
268,CHEMBL2012954,Cc1nc2ccc(F)cc2n1-c1ccc(C(=O)NC2CC2)s1,active,111.0
269,CHEMBL2012955,Cc1nc2c(Cl)cccc2n1-c1ccc(C(=O)NC2CC2)s1,active,21.0
270,CHEMBL2012956,Cc1nc2cc(Cl)ccc2n1-c1ccc(C(=O)NC2CC2)s1,active,49.0
271,CHEMBL2012957,Cc1nc2c(Br)cccc2n1-c1ccc(C(=O)NC2CC2)s1,active,21.0
272,CHEMBL2012958,Cc1nc2c(C#N)cccc2n1-c1ccc(C(=O)NC2CC2)s1,active,40.0
273,CHEMBL2012959,Cc1nc2c(N(C)C)cccc2n1-c1ccc(C(=O)NC2CC2)s1,active,181.0
274,CHEMBL2012960,Cc1cc(F)c2nc(C)n(-c3ccc(C(=O)NC4CC4)s3)c2c1,active,32.0
275,CHEMBL2012961,Cc1cc(F)c2ncn(-c3ccc(C(=O)NC4CC4)s3)c2c1,active,17.0
276,CHEMBL2012962,Cc1nc2c(Cl)cc(F)cc2n1-c1ccc(C(=O)NC2CC2)s1,active,25.0
277,CHEMBL2012963,O=C(NC1CC1)c1ccc(-n2cnc3c(Cl)cc(F)cc32)s1,active,35.0
278,CHEMBL2012964,Cc1cc(F)c2c(c1)ncn2-c1ccc(C(=O)NC2CC2)s1,active,95.0
279,CHEMBL2012965,O=C(NC1CC1)c1ccc(-n2cnc3cc(C(F)(F)F)ccc32)s1,active,19.0
280,CHEMBL2012966,O=C(NC1CC1)c1ccc(-n2cnc3c(F)cccc32)s1,active,62.0
281,CHEMBL2047243,Nc1nc2c(c(Nc3ccccc3)n1)-c1ccccc1C2,inactive,200000.0
282,CHEMBL2047246,Nc1nc2c(c(Nc3cccc(F)c3)n1)-c1ccccc1C2,inactive,200000.0
283,CHEMBL2047247,Nc1nc2c(c(Nc3ccc(Cl)cc3)n1)-c1ccccc1C2,inactive,200000.0
284,CHEMBL2047248,Nc1nc2c(c(Nc3cccc(Br)c3)n1)-c1ccccc1C2,inactive,200000.0
285,CHEMBL2047251,COc1cccc(Nc2nc(N)nc3c2-c2ccccc2C3)c1,inactive,200000.0
286,CHEMBL2047253,Nc1nc2c(c(Nc3ccc(Cl)cc3F)n1)-c1ccccc1C2,inactive,200000.0
287,CHEMBL2172226,Cc1cc(Nc2ccc(C(F)(F)F)cc2)n2ccnc2n1,active,77.0
288,CHEMBL2172229,Cc1nc(Nc2n[nH]cc2C#N)c2nc[nH]c2n1,inactive,100000.0
289,CHEMBL2172228,Cc1nc(Nc2ccc3ncccc3c2)c2nc[nH]c2n1,inactive,25000.0
290,CHEMBL2172227,Cc1nc(Nc2cnc3ccccc3c2)c2nc[nH]c2n1,inactive,27000.0
291,CHEMBL2172230,Cc1nc(Nc2ccc3cc4ccccc4cc3c2)c2nc[nH]c2n1,intermediate_active,4800.0
292,CHEMBL2172231,Cc1cc(Nc2ccc3ccccc3c2)c2nncn2n1,inactive,50000.0
293,CHEMBL2172232,Cc1nc(Nc2ccc3ccccc3c2)c2cn[nH]c2n1,inactive,100000.0
294,CHEMBL2172233,Cc1nc(Nc2ccc3ccccc3c2)c2nc[nH]c2n1,active,440.0
295,CHEMBL2172234,Cc1cc(Nc2ccc3ccccc3c2)n2nccc2n1,active,400.0
296,CHEMBL2172235,Cc1cc(Nc2ccc3ccccc3c2)n2ncnc2c1,intermediate_active,4800.0
297,CHEMBL2172236,Cc1cc(Nc2ccc3ccccc3c2)n2ccnc2n1,active,150.0
298,CHEMBL2172237,Cc1cc(NC(=O)c2ccc(C(F)(F)F)cc2)n2ncnc2n1,inactive,100000.0
299,CHEMBL2172238,Cc1cc(NC(=O)c2ccccc2)n2ncnc2n1,inactive,100000.0
300,CHEMBL2170881,CCOC(=O)c1c(-c2ccc3c(c2)OCO3)[nH]c2cc(OC)c(F)cc2c1=O,inactive,30000.0
301,CHEMBL2170884,CCOC(=O)c1c(-c2cccc(Oc3ccccc3)c2)[nH]c2cc(OC)c(F)cc2c1=O,inactive,30000.0
302,CHEMBL2170887,CCOC(=O)c1c(-c2cccc(Cl)c2)[nH]c2cc(OC)c(F)cc2c1=O,inactive,30000.0
303,CHEMBL1093727,CCOC(=O)c1c(-c2cccc(F)c2)[nH]c2cc(OC)ccc2c1=O,inactive,30000.0
304,CHEMBL973,C/C(O)=C(\C#N)C(=O)Nc1ccc(C(F)(F)F)cc1,inactive,11390.0
305,CHEMBL222556,O=c1cc(-c2ccc(O)c(O)c2)oc2ccccc12,intermediate_active,9480.0
306,CHEMBL2178109,O=C(Nc1nc2ccccc2s1)c1ccc(Cl)cc1Cl,intermediate_active,4670.0
307,CHEMBL2178105,O=C(Nc1nc2ccccc2s1)c1cccc(C(Cl)(Cl)Cl)c1,intermediate_active,1930.0
308,CHEMBL2178108,CC(=O)c1sc(Nc2ccc(C)c(Cl)c2)nc1C,active,760.0
309,CHEMBL2178512,Cc1cc(NCc2ccccc2)n2nc(SCc3ccccc3)nc2n1,inactive,100000.0
310,CHEMBL2178511,Cc1cc(N)n2nc(SCc3ccc(Cl)c(Cl)c3)nc2n1,inactive,100000.0
311,CHEMBL2177862,Cc1cc(N)n2nc(SCc3ccccc3)nc2n1,inactive,100000.0
312,CHEMBL2177861,CCc1cc(O)n2nc(SCc3cc(Cl)ccc3Cl)nc2n1,inactive,100000.0
313,CHEMBL2177860,CCc1cc(O)n2nc(SCc3ccc(Cl)cc3)nc2n1,inactive,100000.0
314,CHEMBL2177859,Cc1cc(C)cc(CSc2nc3nc(C)cc(O)n3n2)c1,inactive,19000.0
315,CHEMBL2177858,Cc1cc(O)n2nc(SCc3cc(Cl)ccc3Cl)nc2n1,inactive,11000.0
316,CHEMBL2177857,Cc1cc(O)n2nc(SCc3c(Cl)cccc3Cl)nc2n1,intermediate_active,3500.0
317,CHEMBL2177856,Cc1cc(O)n2nc(SCc3ccc(Cl)c(Cl)c3)nc2n1,intermediate_active,1900.0
318,CHEMBL135703,Cc1cc(O)n2nc(SCc3ccccc3)nc2n1,inactive,62000.0
319,CHEMBL2177855,Cc1cc(O)n2nc(SCc3ccccc3[N+](=O)[O-])nc2n1,inactive,100000.0
320,CHEMBL2177854,COc1ccc(CSc2nc3nc(C)cc(O)n3n2)cc1,inactive,21000.0
321,CHEMBL2177853,Cc1cc(O)n2nc(SCc3ccc(Br)cc3)nc2n1,inactive,33000.0
322,CHEMBL2178514,Cc1ccc(CSc2nc3nc(C)cc(O)n3n2)cc1,inactive,26000.0
323,CHEMBL2178513,Cc1cc(O)n2nc(SCc3cccc(Cl)c3)nc2n1,intermediate_active,5600.0
324,CHEMBL1599552,Cc1cc(O)n2nc(SCc3ccccc3Cl)nc2n1,inactive,28000.0
325,CHEMBL1704856,Cc1cc(O)n2nc(SCc3ccc(Cl)cc3)nc2n1,active,1000.0
326,CHEMBL973,C/C(O)=C(\C#N)C(=O)Nc1ccc(C(F)(F)F)cc1,inactive,190546.07
327,CHEMBL141195,N#C/C(C(=O)Nc1ccc(C#N)cc1)=C(/O)C1CC1,inactive,707945.78
328,CHEMBL141732,N#C/C(C(=O)Nc1ccc(C(F)(F)F)cc1)=C(/O)C1CC1,inactive,1071519.31
329,CHEMBL344556,N#C/C(C(=O)Nc1ccc([N+](=O)[O-])cc1)=C(/O)C1CC1,inactive,537031.8
330,CHEMBL141040,Cc1ccc(NC(=O)/C(C#N)=C(\O)C2CC2)cc1,inactive,870963.59
331,CHEMBL199574,O=C(Nc1ccccc1C(=O)O)c1ccc2cc(Br)ccc2c1,inactive,141253.75
332,CHEMBL372561,CN(C(=O)c1ccc2cc(Br)ccc2c1)c1ccccc1C(=O)O,inactive,93325.43
333,CHEMBL370865,O=C(Nc1ccccc1C(=O)O)c1ccc(-c2ccccc2)cc1,inactive,154881.66
334,CHEMBL199572,CN(C(=O)c1ccc(-c2ccccc2)cc1)c1ccccc1C(=O)O,inactive,42657.95
335,CHEMBL2234192,O=C(Nc1ccc(Cl)cc1)Nc1cccc2cccnc12,active,549.54
336,CHEMBL2234191,COc1ccccc1NC(=O)Nc1cccc2ccccc12,active,251.19
337,CHEMBL1331783,O=C(Nc1ccccc1C(F)(F)F)Nc1cccc2ccccc12,active,199.53
338,CHEMBL2234190,Cc1cccc(NC(=O)c2cccc([N+](=O)[O-])c2C)c1,active,302.0
339,CHEMBL2234189,Cc1c(C(=O)Nc2ccc(Cl)c(Cl)c2)cccc1[N+](=O)[O-],active,251.19
340,CHEMBL2234188,Cc1c(C(=O)Nc2cccc3ccccc23)cccc1[N+](=O)[O-],active,100.0
341,CHEMBL2234187,Cc1c(C(=O)Nc2ccc(F)c(F)c2)cccc1[N+](=O)[O-],active,151.36
342,CHEMBL217893,Cc1c(C(=O)Nc2cc(Cl)cc(Cl)c2)cccc1[N+](=O)[O-],active,151.36
343,CHEMBL2234186,Cc1c(C(=O)Nc2ccc(F)c(Cl)c2)cccc1[N+](=O)[O-],active,100.0
344,CHEMBL2234185,Cc1c(C(=O)Nc2cccc(Br)c2)cccc1[N+](=O)[O-],active,100.0
345,CHEMBL2234184,O=C(Nc1ccccc1F)c1ccc2ccccc2c1,active,251.19
346,CHEMBL2234183,Cc1ccc(NC(=O)c2ccc3ccccc3c2)c(Cl)c1,active,151.36
347,CHEMBL2234182,O=C(Nc1ccc(Cl)cc1Cl)c1ccc2ccccc2c1,active,100.0
348,CHEMBL475813,Cc1cc(Nc2ccc3ccccc3c2)n2ncnc2n1,active,31.0
349,CHEMBL2431502,CCOC(=O)C1=C(Nc2ccc(C(F)(F)F)cc2)OCC1=O,active,142.0
350,CHEMBL2431501,CCOC(=O)C1=C(Nc2ccc(S(F)(F)(F)(F)F)cc2)OCC1=O,active,168.0
351,CHEMBL2431500,CCOC(=O)C1=C(Nc2ccc3c(c2)CCC3)OCC1=O,active,65.0
352,CHEMBL2431499,CCOC(=O)C1=C(Nc2ccc3c(c2)CCCC3)OCC1=O,active,18.0
353,CHEMBL2431498,CCOC(=O)C1=C(Nc2cnc3ccccc3c2)OCC1=O,active,79.0
354,CHEMBL2431497,CCOC(=O)C1=C(Nc2ccc(C)c(C)c2)OCC1=O,active,698.0
355,CHEMBL2431496,CCOC(=O)C1=C(Nc2ccc3ccccc3c2)OCC1=O,active,6.0
356,CHEMBL2431495,O=C1CSC(Nc2ccc3ccccc3c2)=C1C(=O)NCC1CC1,inactive,50000.0
357,CHEMBL2431494,O=C1CSC(Nc2ccc3ccccc3c2)=C1C(=O)NC1CC1,inactive,13210.0
358,CHEMBL2431493,CCCCNC(=O)C1=C(Nc2ccc3ccccc3c2)SCC1=O,inactive,50000.0
359,CHEMBL2431492,CCCNC(=O)C1=C(Nc2ccc3ccccc3c2)SCC1=O,inactive,50000.0
360,CHEMBL2431491,CCNC(=O)C1=C(Nc2ccc3ccccc3c2)SCC1=O,inactive,12061.0
361,CHEMBL2431490,CCCCOC(=O)C1=C(Nc2ccc3ccccc3c2)SCC1=O,inactive,35572.0
362,CHEMBL2431489,CCCOC(=O)C1=C(Nc2ccc3ccccc3c2)SCC1=O,active,951.0
363,CHEMBL2431488,COC(=O)C1=C(Nc2ccc3ccccc3c2)SCC1=O,active,33.0
364,CHEMBL2431487,Cc1ccc(NC2=C(C(=O)NCC3CC3)C(=O)CS2)cc1C,intermediate_active,3662.0
365,CHEMBL2431486,Cc1ccc(NC2=C(C(=O)NC3CC3)C(=O)CS2)cc1C,inactive,19114.0
366,CHEMBL2431485,CCCCNC(=O)C1=C(Nc2ccc(C)c(C)c2)SCC1=O,intermediate_active,5733.0
367,CHEMBL2431484,CCCNC(=O)C1=C(Nc2ccc(C)c(C)c2)SCC1=O,intermediate_active,4633.0
368,CHEMBL2431483,CCNC(=O)C1=C(Nc2ccc(C)c(C)c2)SCC1=O,inactive,39450.0
369,CHEMBL2431482,Cc1ccc(NC2=C(C(N)=O)C(=O)CS2)cc1C,inactive,50000.0
370,CHEMBL2431481,Cc1ccc(NC2=C(C(=O)OCC3CC3)C(=O)CS2)cc1C,intermediate_active,4159.0
371,CHEMBL2431480,CCCCOC(=O)C1=C(Nc2ccc(C)c(C)c2)SCC1=O,intermediate_active,2350.0
372,CHEMBL2431523,CCCOC(=O)C1=C(Nc2ccc(C)c(C)c2)SCC1=O,intermediate_active,4032.0
373,CHEMBL2431522,COC(=O)C1=C(Nc2ccc(C)c(C)c2)SCC1=O,intermediate_active,1486.0
374,CHEMBL2431521,O=C(O)C1=C(Nc2ccc3ccccc3c2)SCC1=O,intermediate_active,1238.0
375,CHEMBL2431520,Cc1ccc(NC2=C(C(=O)O)C(=O)CS2)cc1C,inactive,50000.0
376,CHEMBL2431519,Cc1ccc(NC2=CC(=O)CS2)cc1C,inactive,11441.0
377,CHEMBL2431518,CCOC(=O)C1=C(Nc2ccc3c(c2)c2ccccc2n3CC)SCC1=O,active,392.0
378,CHEMBL2431517,CCOC(=O)C1=C(Nc2ccc3cc4ccccc4cc3c2)SCC1=O,active,197.0
379,CHEMBL2431516,CCOC(=O)C1=C(Nc2ccc3c(c2)CCC3)SCC1=O,active,851.0
380,CHEMBL2431515,CCOC(=O)C1=C(Nc2ccc3ccccc3c2)SCC1=O,active,20.0
381,CHEMBL2431514,CCOC(=O)C1=C(Nc2cnc3ccccc3c2)SCC1=O,active,351.0
382,CHEMBL2431513,CCOC(=O)C1=C(Nc2ccc3c(c2)CCCC3)SCC1=O,active,92.0
383,CHEMBL2431512,CCOC(=O)C1=C(Nc2ccc(Br)cc2C)SCC1=O,inactive,50000.0
384,CHEMBL2431511,CCOC(=O)C1=C(Nc2ccc(C)c(F)c2)SCC1=O,active,536.0
385,CHEMBL2431510,CCOC(=O)C1=C(Nc2ccc(C)c(C)c2)SCC1=O,active,256.0
386,CHEMBL2431509,CCOC(=O)C1=C(Nc2cc(Cl)cc(Cl)c2)SCC1=O,intermediate_active,1188.0
387,CHEMBL2431508,CCOC(=O)C1=C(Nc2cccc(C(F)(F)F)c2)SCC1=O,inactive,50000.0
388,CHEMBL2431507,CCOC(=O)C1=C(Nc2ccc(Br)c(C(F)(F)F)c2)SCC1=O,intermediate_active,1615.0
389,CHEMBL2431506,CCOC(=O)C1=C(Nc2ccc(Cl)c(C(F)(F)F)c2)SCC1=O,active,751.0
390,CHEMBL2431505,CCOC(=O)C1=C(Nc2ccc(C(C)(C)C)cc2)SCC1=O,active,227.0
391,CHEMBL2431504,CCOC(=O)C1=C(Nc2ccc(S(F)(F)(F)(F)F)cc2)SCC1=O,active,559.0
392,CHEMBL2431503,CCOC(=O)C1=C(Nc2ccc(C(F)(F)F)cc2)SCC1=O,active,367.0
393,CHEMBL1334527,CCOC(=O)C1=C(Nc2ccccc2)SCC1=O,inactive,50000.0
394,CHEMBL1732938,CCOC(=O)C1=C(Nc2ccc(Cl)cc2)SCC1=O,intermediate_active,1113.0
395,CHEMBL3218512,O=C(NCC(c1ccccc1)c1ccccc1)c1ccccc1O,inactive,21200.0
396,CHEMBL3218515,O=C(NCC(c1ccccc1)c1ccccc1)c1cccc(Cl)c1O,inactive,44100.0
397,CHEMBL3218516,O=C(NCC(c1ccccc1)c1ccccc1)c1ccc(Cl)cc1O,inactive,10300.0
398,CHEMBL3218517,O=C(NCC(c1ccccc1)c1ccccc1)c1cc(Cl)ccc1O,intermediate_active,9100.0
399,CHEMBL3218518,O=C(NCC(c1ccccc1)c1ccccc1)c1cc(Cl)cc(Cl)c1O,intermediate_active,7000.0
400,CHEMBL3218519,O=C(NCC(c1ccccc1)c1ccccc1)c1cc(Br)ccc1O,inactive,10800.0
401,CHEMBL3217764,O=C(NCC(c1ccccc1)c1ccccc1)c1cccc(F)c1O,inactive,26100.0
402,CHEMBL3218520,O=C(NCC(c1ccccc1)c1ccccc1)c1ccc(F)c(F)c1O,intermediate_active,9900.0
403,CHEMBL3218521,O=C(NCC(c1ccccc1)c1ccccc1)c1c(O)cccc1F,inactive,125000.0
404,CHEMBL3218522,Cc1ccc(O)c(C(=O)NCC(c2ccccc2)c2ccccc2)c1,inactive,14400.0
405,CHEMBL3218523,COc1cccc(C(=O)NCC(c2ccccc2)c2ccccc2)c1O,inactive,500000.0
406,CHEMBL3218524,COc1ccc(C(=O)NCC(c2ccccc2)c2ccccc2)c(O)c1,inactive,14000.0
407,CHEMBL3218525,COc1ccc(O)c(C(=O)NCC(c2ccccc2)c2ccccc2)c1,inactive,18100.0
408,CHEMBL3218526,COc1cccc(O)c1C(=O)NCC(c1ccccc1)c1ccccc1,inactive,125000.0
409,CHEMBL3218527,O=C(NCC(c1ccccc1)c1ccccc1)c1cccc(CO)c1O,inactive,100000.0
410,CHEMBL3218528,O=C(NCC(c1ccccc1)c1ccccc1)c1ccc(CO)cc1O,inactive,46200.0
411,CHEMBL3218529,O=C(NCC(c1ccccc1)c1ccccc1)c1cc(CO)ccc1O,intermediate_active,8000.0
412,CHEMBL3218530,O=Cc1ccc(C(=O)NCC(c2ccccc2)c2ccccc2)c(O)c1,inactive,16500.0
413,CHEMBL3289671,Cc1cc(Nc2cc(F)c(C(F)(F)F)c(F)c2)n2nc(C(C)(F)F)nc2n1,active,20.0
414,CHEMBL3289672,Cc1cc(Nc2cc(F)c(C(F)(F)F)c(F)c2)n2nc(C(F)(F)F)nc2n1,active,22.0
415,CHEMBL1956290,Cc1cc(Nc2ccc(C(F)(F)F)cc2)n2nc(C(F)(F)F)nc2n1,active,35.0
416,CHEMBL3289670,Cc1cc(Nc2ccc(C(F)(F)F)c(F)c2)n2nc(C(C)(F)F)nc2n1,active,35.0
417,CHEMBL1738786,Cc1cc(Nc2ccc(C(F)(F)F)cc2)n2nc(C(C)(F)F)nc2n1,active,46.0
418,CHEMBL492529,Cc1cc(Nc2ccc(C(F)(F)F)cc2)n2ncnc2n1,active,270.0
419,CHEMBL973,C/C(O)=C(\C#N)C(=O)Nc1ccc(C(F)(F)F)cc1,intermediate_active,3900.0
420,CHEMBL2178108,CC(=O)c1sc(Nc2ccc(C)c(Cl)c2)nc1C,active,630.0
421,CHEMBL1235108,CC(=O)c1sc(Nc2ccccc2)nc1C,inactive,10000.0
422,CHEMBL3410570,CC(=O)c1sc(Nc2ccc(Br)cc2)nc1C,inactive,10000.0
423,CHEMBL3410571,CC(=O)c1sc(Nc2ccc(C(C)(C)C)cc2)nc1C,inactive,10000.0
424,CHEMBL3410572,CC(=O)c1sc(Nc2ccc(C)c(C)c2)nc1C,intermediate_active,1489.0
425,CHEMBL3410573,CC(=O)c1sc(Nc2ccc(C)c(F)c2)nc1C,inactive,10000.0
426,CHEMBL3410574,CC(=O)c1sc(Nc2ccc(Cl)c(C(F)(F)F)c2)nc1C,intermediate_active,4265.0
427,CHEMBL3410575,CC(=O)c1sc(Nc2ccc(Br)c(C(F)(F)F)c2)nc1C,inactive,10000.0
428,CHEMBL3410576,CC(=O)c1sc(Nc2ccc3ccccc3c2)nc1C,active,871.0
429,CHEMBL3410577,CC(=O)c1sc(Nc2ccc3cc4ccccc4cc3c2)nc1C,inactive,10000.0
430,CHEMBL1460972,CCOC(=O)c1sc(Nc2ccc(Br)cc2)nc1C,intermediate_active,2452.0
431,CHEMBL3410578,CCOC(=O)c1sc(Nc2ccc(C)c(C)c2)nc1C,inactive,10000.0
432,CHEMBL3410579,CCOC(=O)c1sc(Nc2ccc(C)c(F)c2)nc1C,inactive,10000.0
433,CHEMBL3410580,CCOC(=O)c1sc(Nc2ccc(C)c(Cl)c2)nc1C,inactive,10000.0
434,CHEMBL3410581,CCOC(=O)c1sc(Nc2ccc3ccccc3c2)nc1C,inactive,10000.0
435,CHEMBL3410582,CCOC(=O)c1sc(Nc2ccc(C)c(C)c2)nc1N,inactive,10000.0
436,CHEMBL3410583,CCOC(=O)c1sc(Nc2ccc(Cl)c(C(F)(F)F)c2)nc1N,inactive,10000.0
437,CHEMBL3410584,CCOC(=O)c1sc(Nc2ccc(C)c(C)c2)nc1NC(=O)C1CC1,inactive,10000.0
438,CHEMBL3410585,CCOC(=O)c1sc(Nc2ccc(Cl)c(C(F)(F)F)c2)nc1NC(=O)C1CC1,inactive,10000.0
439,CHEMBL3410586,CCOC(=O)c1sc(Nc2ccc(C)c(C)c2)nc1NC(=O)c1ccccc1,inactive,10000.0
440,CHEMBL3410587,CCOC(=O)c1sc(Nc2ccc(Cl)c(C(F)(F)F)c2)nc1NC(=O)c1ccccc1,inactive,10000.0
441,CHEMBL3410588,CCOC(=O)c1sc(Nc2ccc(C)c(C)c2)nc1C1CC1,inactive,10000.0
442,CHEMBL3410589,CCOC(=O)c1sc(Nc2ccc(C)c(F)c2)nc1C1CC1,inactive,10000.0
443,CHEMBL3410590,CCOC(=O)c1sc(Nc2ccc(C)c(Cl)c2)nc1C1CC1,inactive,10000.0
444,CHEMBL3410591,CCOC(=O)c1sc(Nc2ccc(C)c(C)c2)nc1C(C)(C)C,inactive,10000.0
445,CHEMBL3410592,CCOC(=O)c1sc(Nc2ccc(C)c(F)c2)nc1C(C)(C)C,inactive,10000.0
446,CHEMBL3410593,CCOC(=O)c1sc(Nc2ccc(C)c(Cl)c2)nc1C(C)(C)C,inactive,10000.0
447,CHEMBL3410594,CCOC(=O)c1sc(Nc2ccc(C)c(C)c2)nc1-c1ccccc1,inactive,10000.0
448,CHEMBL3410595,CCOC(=O)c1sc(Nc2ccc(C)c(F)c2)nc1-c1ccccc1,inactive,10000.0
449,CHEMBL3410596,CCOC(=O)c1sc(Nc2ccc(C)c(Cl)c2)nc1-c1ccccc1,inactive,10000.0
450,CHEMBL3410597,CCOC(=O)c1sc(Nc2ccccc2)nc1-c1ccccc1,inactive,10000.0
451,CHEMBL3410598,CCOC(=O)c1sc(Nc2ccc(OC)cc2)nc1-c1ccccc1,inactive,10000.0
452,CHEMBL3410599,CCOC(=O)c1sc(Nc2ccc(Cl)cc2)nc1-c1ccccc1,inactive,10000.0
453,CHEMBL3410600,CCOC(=O)c1sc(Nc2ccc(C(F)(F)F)cc2)nc1-c1ccccc1,inactive,10000.0
454,CHEMBL3410601,CCOC(=O)c1sc(Nc2ccc(C(C)(C)C)cc2)nc1-c1ccccc1,inactive,10000.0
455,CHEMBL3410602,CCOC(=O)c1sc(Nc2ccc(Cl)c(C(F)(F)F)c2)nc1-c1ccccc1,inactive,10000.0
456,CHEMBL3410603,CCOC(=O)c1sc(Nc2ccc(Br)c(C(F)(F)F)c2)nc1-c1ccccc1,inactive,10000.0
457,CHEMBL3410604,CCOC(=O)c1sc(Nc2ccc(Cl)c(Cl)c2)nc1-c1ccccc1,inactive,10000.0
458,CHEMBL3410605,CCOC(=O)c1sc(Nc2cc(Cl)cc(Cl)c2)nc1-c1ccccc1,inactive,10000.0
459,CHEMBL3410606,CCOC(=O)c1sc(Nc2ccc(Br)cc2C)nc1-c1ccccc1,inactive,10000.0
460,CHEMBL3410607,CCOC(=O)c1sc(Nc2ccc3c(c2)CCC3)nc1-c1ccccc1,inactive,10000.0
461,CHEMBL3410608,CCOC(=O)c1sc(Nc2ccc3c(c2)OCO3)nc1-c1ccccc1,inactive,10000.0
462,CHEMBL3410609,CCOC(=O)c1sc(Nc2ccc3c(c2)CCCC3)nc1-c1ccccc1,inactive,10000.0
463,CHEMBL3410610,CCOC(=O)c1sc(Nc2ccc3ccccc3c2)nc1-c1ccccc1,inactive,10000.0
464,CHEMBL3410611,CCOC(=O)c1sc(Nc2ccc3cc4ccccc4cc3c2)nc1-c1ccccc1,inactive,10000.0
465,CHEMBL3410612,CCOC(=O)c1sc(Nc2ccc(-c3ccccc3)cc2)nc1-c1ccccc1,inactive,10000.0
466,CHEMBL3410613,CCOC(=O)c1sc(Nc2ccc(-c3cccc(OC)c3)cc2)nc1-c1ccccc1,inactive,10000.0
467,CHEMBL3410614,CCOC(=O)c1sc(Nc2ccc(-c3ccccc3)cc2F)nc1-c1ccccc1,inactive,10000.0
468,CHEMBL3410615,CCOC(=O)c1sc(Nc2ccc(-c3cccc(OC)c3)cc2F)nc1-c1ccccc1,inactive,10000.0
469,CHEMBL3410616,CCOC(=O)c1sc(Nc2c(F)cc(-c3cccc(OC)c3)cc2F)nc1-c1ccccc1,inactive,10000.0
470,CHEMBL3410617,CCOC(=O)c1sc(Nc2ccc(Oc3ccccc3)c(Cl)c2)nc1-c1ccccc1,inactive,10000.0
471,CHEMBL3410618,CCOC(=O)c1sc(Nc2ccc(OCc3ccccc3)c(Cl)c2)nc1-c1ccccc1,inactive,10000.0
472,CHEMBL3410619,CCOC(=O)c1sc(Nc2ccc(OCc3c(F)cccc3Cl)c(Cl)c2)nc1-c1ccccc1,inactive,10000.0
473,CHEMBL475813,Cc1cc(Nc2ccc3ccccc3c2)n2ncnc2n1,active,25.0
474,CHEMBL2012823,CC(C)NC(=O)c1ccc(-n2cnc3ccccc32)s1,active,684.0
475,CHEMBL3690108,CCCNC(=O)c1ccc(-n2cccn2)s1,inactive,250000.0
476,CHEMBL2012940,O=C(NC1CC1)c1ccc(-n2c(=O)[nH]c3ccccc32)s1,inactive,30000.0
477,CHEMBL3694239,Cc1nc2cc3c(cc2n1-c1ccc(C(=O)NC2CC2)s1)OCO3,active,116.0
478,CHEMBL2012956,Cc1nc2cc(Cl)ccc2n1-c1ccc(C(=O)NC2CC2)s1,active,58.0
479,CHEMBL3694251,Cc1ccccc1/C=C/c1cc(O)c2ccccc2n1,active,930.0
480,CHEMBL3690150,Cc1nc2ccccc2n1-c1cscc1C(=O)NC1CC1,inactive,30000.0
481,CHEMBL3694250,Fc1cc(I)ccc1Nc1ccnc2cc(Cl)ccc12,active,580.0
482,CHEMBL3690117,CCCNC(=O)c1ccc(N2Cc3cccc(OC)c3Oc3ncccc32)s1,inactive,30000.0
483,CHEMBL3690144,Cc1nc2cnccc2n1-c1ccc(C(=O)NC2CC2)s1,intermediate_active,3084.0
484,CHEMBL2012828,CN(C)C(=O)c1ccc(-n2cnc3ccccc32)s1,inactive,30000.0
485,CHEMBL3694233,c1ccc2oc(-c3ccc(-c4nc5ccccc5o4)s3)nc2c1,inactive,30000.0
486,CHEMBL3694247,Cc1nc2ccc(-c3ccccc3)cc2n1-c1ccc(C(=O)NC2CC2)s1,active,89.0
487,CHEMBL3690114,CCCNC(=O)c1ccc(N2CCOc3ccc(Cl)cc32)s1,intermediate_active,7500.0
488,CHEMBL3690140,CCc1nc2cc(F)ccc2n1-c1ccc(C(=O)NC2CC2)s1,active,67.0
489,CHEMBL3694237,CCCC/C(=N/OC)c1ccc(-n2cnc3ccccc32)s1,inactive,30000.0
490,CHEMBL3690146,Cc1nc2ncccc2n1-c1ccc(C(=O)NC2CC2)s1,intermediate_active,4766.0
491,CHEMBL3690145,Cc1nc2cccnc2n1-c1ccc(C(=O)NC2CC2)s1,intermediate_active,1118.0
492,CHEMBL2012819,NC(=O)c1ccc(-n2cnc3ccccc32)s1,inactive,30000.0
493,CHEMBL3690112,CCCNC(=O)c1ccc(N2CC(C)Sc3ccccc32)s1,inactive,19100.0
494,CHEMBL3690116,CCCNC(=O)c1ccc(N2CCSc3ncccc32)s1,inactive,13800.0
495,CHEMBL3690109,CCCNC(=O)c1ccc(N2CCN(C)CC2)s1,inactive,250000.0
496,CHEMBL2012831,CCCc1nc2ccccc2n1-c1ccc(C(=O)NC2CC2)s1,active,180.0
497,CHEMBL3694246,Cc1nc2cc(-c3ccccc3)ccc2n1-c1ccc(C(=O)NC2CC2)s1,active,178.0
498,CHEMBL3694234,CCCCC(=O)c1ccc(-n2cnc3ccccc32)s1,inactive,30000.0
499,CHEMBL3694236,CCCCC(N=O)c1ccc(-n2cnc3ccccc32)s1,inactive,30000.0
500,CHEMBL3690133,CCNC(=O)c1ccc(-n2cnc3cc(Cl)ccc32)s1,active,56.0
501,CHEMBL3690107,CCCNC(=O)c1ccc(N2CCCCC2)s1,inactive,30000.0
502,CHEMBL3690126,CC[C@@H](C)NC(=O)c1ccc(-n2cnc3ccccc32)s1,inactive,30000.0
503,CHEMBL3694254,O=C(NC1CC1)c1ccc(N2CCSc3ccccc32)s1,active,250.0
504,CHEMBL3694242,Cc1nc2cc3ccccc3cc2n1-c1ccc(C(=O)NC2CC2)s1,active,35.0
505,CHEMBL3690123,COc1ccc2c(c1)nc(C)n2-c1ccc(C(=O)NC2CC2)s1,active,212.0
506,CHEMBL3690107,CCCNC(=O)c1ccc(N2CCCCC2)s1,inactive,230000.0
507,CHEMBL3694238,CCCC/C(=N\OC)c1ccc(-n2cnc3ccccc32)s1,inactive,30000.0
508,CHEMBL3690135,CCCc1nc2ccccc2n1-c1ccc(C(=O)NCC)s1,active,334.0
509,CHEMBL3690152,Cn1c(-c2ccc(C(=O)NC3CC3)s2)nc2ccccc21,inactive,30000.0
510,CHEMBL3694236,CCCCC(N=O)c1ccc(-n2cnc3ccccc32)s1,inactive,30000.0
511,CHEMBL3690151,Cc1nc2ccccc2n1-c1cc(C(=O)NC2CC2)cs1,intermediate_active,1700.0
512,CHEMBL3690111,CCCNC(=O)c1ccc(-n2c(C)nc3ccccc32)s1,active,170.0
513,CHEMBL3694252,CCCCCC1CCCc2c1nc1ccccc1c2O,active,340.0
514,CHEMBL3690154,c1ccc2[nH]c(-c3ccc(-c4nc5ccccc5[nH]4)s3)nc2c1,inactive,30000.0
515,CHEMBL2012943,Cc1cccc2c1nc(C)n2-c1ccc(C(=O)NC2CC2)s1,active,42.0
516,CHEMBL3690138,CCNC(=O)c1ccc(-n2c(C)nc3cc(C)ccc32)s1,active,112.0
517,CHEMBL3690111,CCCNC(=O)c1ccc(-n2c(C)nc3ccccc32)s1,active,172.0
518,CHEMBL3694245,Cc1nc(-c2ccc(Cl)cc2)cn1-c1ccc(C(=O)NC2CC2)s1,active,252.0
519,CHEMBL3690153,O=C(NC1CC1)c1ccc(-c2nc3ccccc3o2)s1,inactive,30000.0
520,CHEMBL3694249,O=C(NC1CC1)c1ccc(-n2ncc3ccccc32)s1,inactive,30000.0
521,CHEMBL3690122,CC[C@H](C)NC(=O)c1ccc(-n2cnc3ccccc32)s1,inactive,17900.0
522,CHEMBL3690137,CCNC(=O)c1ccc(-n2cnc3cc(C)ccc32)s1,active,75.0
523,CHEMBL3690109,CCCNC(=O)c1ccc(N2CCN(C)CC2)s1,inactive,30000.0
524,CHEMBL3690148,CCNC(=O)c1ccc(-n2cc(-c3ccccc3)nc2C)s1,active,416.0
525,CHEMBL2012830,CCc1nc2ccccc2n1-c1ccc(C(=O)NC2CC2)s1,active,113.0
526,CHEMBL3690108,CCCNC(=O)c1ccc(-n2cccn2)s1,inactive,30000.0
527,CHEMBL2012826,CCCCNC(=O)c1ccc(-n2cnc3ccccc32)s1,inactive,28600.0
528,CHEMBL3690147,Cc1nc(-c2ccccc2)cn1-c1ccc(C(=O)NC2CC2)s1,active,220.0
529,CHEMBL3690132,O=C(NC1CC1)c1ccc(-n2cnc3cc(Cl)ccc32)s1,active,166.0
530,CHEMBL3694248,O=C(NC1CC1)c1ccc(-n2nnc3ccccc32)s1,inactive,28000.0
531,CHEMBL3690125,O=C(c1ccc(-n2cnc3ccccc32)s1)N1CCC1,inactive,16500.0
532,CHEMBL3690141,CCNC(=O)c1ccc(-n2cnc3cc(F)ccc32)s1,active,105.0
533,CHEMBL600689,CCOC(=O)c1[nH]c(C)c(Cc2ccc(OCC)cc2)c1C,active,83.0
534,CHEMBL3690131,CCNC(=O)c1ccc(-n2c(C)nc3cc(F)ccc32)s1,active,164.0
535,CHEMBL3690136,Cc1ccc2c(c1)ncn2-c1ccc(C(=O)NC2CC2)s1,active,38.0
536,CHEMBL3694253,CCCNC(=O)c1ccc(-n2c(C)cc3ccccc32)s1,active,70.0
537,CHEMBL3690134,CCCNC(=O)c1ccc(-n2cnc3cc(Cl)ccc32)s1,active,324.0
538,CHEMBL2012821,CCNC(=O)c1ccc(-n2cnc3ccccc32)s1,active,145.0
539,CHEMBL2012948,Cc1nc2cc(C(F)(F)F)ccc2n1-c1ccc(C(=O)NC2CC2)s1,active,41.0
540,CHEMBL3690121,O=C(c1ccc(-n2cnc3ccccc32)s1)N1CCCCC1,inactive,30000.0
541,CHEMBL3690124,Cc1nc2cc(F)ccc2n1-c1ccc(C(=O)NC2CC2)s1,active,88.0
542,CHEMBL3690104,CCCNC(=S)c1ccc(-n2ccc3ccccc32)s1,active,459.0
543,CHEMBL3690142,CCNC(=O)c1ccc(-n2c(CC)nc3cc(F)ccc32)s1,active,178.0
544,CHEMBL3694253,CCCNC(=O)c1ccc(-n2c(C)cc3ccccc32)s1,active,42.0
545,CHEMBL3694253,CCCNC(=O)c1ccc(-n2c(C)cc3ccccc32)s1,active,64.0
546,CHEMBL2012956,Cc1nc2cc(Cl)ccc2n1-c1ccc(C(=O)NC2CC2)s1,active,40.0
547,CHEMBL3690139,CCNC(=O)c1ccc(-n2c(CC)nc3ccccc32)s1,active,137.0
548,CHEMBL3690105,CCCNC(=O)c1ccc(N2CCOCC2)s1,inactive,250000.0
549,CHEMBL3690120,CCNC(=O)c1ccc(-n2c(C)nc3ccccc32)s1,active,191.0
550,CHEMBL2012947,Cc1nc2ccc(OC(F)(F)F)cc2n1-c1ccc(C(=O)NC2CC2)s1,active,36.0
551,CHEMBL3694243,Cc1nc2cc(OC(C)C)ccc2n1-c1ccc(C(=O)NC2CC2)s1,active,121.0
552,CHEMBL3694241,CCNC(=O)c1cccc(-n2c(C)nc3cc(F)ccc32)c1,inactive,30000.0
553,CHEMBL3690110,CCCNC(=O)c1ccc(-n2ccnc2)s1,inactive,165000.0
554,CHEMBL3694240,CCNC(=O)c1ccc(-n2c(C)nc3cc(F)ccc32)cc1,intermediate_active,2870.0
555,CHEMBL3690104,CCCNC(=S)c1ccc(-n2ccc3ccccc32)s1,active,460.0
556,CHEMBL2012944,Cc1ccc2c(c1)nc(C)n2-c1ccc(C(=O)NC2CC2)s1,active,56.0
557,CHEMBL2012829,Cc1nc2ccccc2n1-c1ccc(C(=O)NC2CC2)s1,active,99.0
558,CHEMBL3690124,Cc1nc2cc(F)ccc2n1-c1ccc(C(=O)NC2CC2)s1,active,104.0
559,CHEMBL3690115,CCCNC(=O)c1ccc(N2CCc3ccccc32)s1,inactive,30000.0
560,CHEMBL3690143,O=C(NC1CC1)c1ccc(-n2cnc3cc(F)ccc32)s1,active,58.0
561,CHEMBL2012825,O=C(NC1CCC1)c1ccc(-n2cnc3ccccc32)s1,active,418.0
562,CHEMBL3690106,CCCNC(=O)c1ccc(N2CCCC2)s1,inactive,250000.0
563,CHEMBL3690127,CCCN(C)C(=O)c1ccc(-n2cnc3ccccc32)s1,inactive,30000.0
564,CHEMBL3690113,CCCNC(=O)c1ccc(N2CCSc3ccccc32)s1,intermediate_active,9200.0
565,CHEMBL3694232,Cn1c(-c2ccc(-c3nc4ccccc4n3C)s2)nc2ccccc21,inactive,30000.0
566,CHEMBL3694235,CCCCC(O)c1ccc(-n2cnc3ccccc32)s1,inactive,30000.0
567,CHEMBL2012820,CNC(=O)c1ccc(-n2cnc3ccccc32)s1,intermediate_active,1076.0
568,CHEMBL2012822,CCCNC(=O)c1ccc(-n2cnc3ccccc32)s1,active,703.0
569,CHEMBL2012822,CCCNC(=O)c1ccc(-n2cnc3ccccc32)s1,active,700.0
570,CHEMBL3690130,CCNC(=O)c1ccc(-n2c(C)nc3cc(Cl)ccc32)s1,active,94.0
571,CHEMBL1234899,Cc1nc2cc(OC(F)(F)F)ccc2n1-c1ccc(C(=O)NC2CC2)s1,active,64.0
572,CHEMBL2012827,O=C(NC1CCCC1)c1ccc(-n2cnc3ccccc32)s1,intermediate_active,2506.0
573,CHEMBL2012824,O=C(NC1CC1)c1ccc(-n2cnc3ccccc32)s1,active,56.0
574,CHEMBL3690128,CCCNC(=O)c1ccc(-n2c(C)nc3cc(F)ccc32)s1,active,499.0
575,CHEMBL3690149,Cc1nc(-c2ccc(F)cc2)cn1-c1ccc(C(=O)NC2CC2)s1,active,240.0
576,CHEMBL3694244,Cc1nc2cc(F)c(F)cc2n1-c1ccc(C(=O)NC2CC2)s1,active,105.0
577,CHEMBL3690118,O=C(c1ccc(-n2cnc3ccccc32)s1)N1CCCC1,inactive,30000.0
578,CHEMBL2012829,Cc1nc2ccccc2n1-c1ccc(C(=O)NC2CC2)s1,active,74.0
579,CHEMBL3690119,O=C(NCCO)c1ccc(-n2cnc3ccccc32)s1,inactive,14000.0
580,CHEMBL3690129,CCCNC(=O)c1ccc(-n2c(C)nc3cc(Cl)ccc32)s1,active,239.0
581,CHEMBL475813,Cc1cc(Nc2ccc3ccccc3c2)n2ncnc2n1,active,47.0
582,CHEMBL3818535,Cc1cc(=O)n2nc(SCc3ccc(Cl)cc3)nc2[nH]1,active,1000.0
583,CHEMBL475813,Cc1cc(Nc2ccc3ccccc3c2)n2ncnc2n1,active,65.0
584,CHEMBL4464362,O=C(NCC(c1ccccc1)c1ccccc1)c1nonc1O,inactive,75000.0
585,CHEMBL4517934,O=C(NCC(c1ccccc1)c1ccccc1)c1nsnc1O,inactive,12000.0
586,CHEMBL4436588,O=C(NCc1ccccc1)c1nsnc1O,inactive,35000.0
587,CHEMBL4437588,Cn1cc(C(=O)NCC(c2ccccc2)c2ccccc2)c(O)n1,inactive,250000.0
588,CHEMBL4526067,Cc1c(C(=O)NCC(c2ccccc2)c2ccccc2)c(O)nn1C,inactive,250000.0
589,CHEMBL4457827,Cn1nc(O)c(C(=O)O)c1COc1ccccc1,inactive,19000.0
590,CHEMBL4514989,Cn1nc(O)c(C(=O)O)c1CNc1ccccc1,inactive,16000.0
591,CHEMBL4451149,CN(Cc1c(C(=O)O)c(O)nn1C)c1ccccc1,inactive,23000.0
592,CHEMBL4514633,Cn1nc(O)c(C(=O)O)c1CSc1ccccc1,inactive,25000.0
593,CHEMBL4458056,Cn1nc(O)c(C(=O)O)c1COc1cccc(C(F)(F)F)c1,intermediate_active,2800.0
594,CHEMBL4539458,Cn1nc(O)c(C(=O)O)c1COc1ccc(C(F)(F)F)cc1,intermediate_active,5300.0
595,CHEMBL4440085,CCOC(=O)c1c(O)nn(C)c1COc1ccccc1,inactive,250000.0
596,CHEMBL4544292,CCOc1nn(C)c(COc2ccccc2)c1C(=O)O,inactive,250000.0
597,CHEMBL4569109,Cn1nc(OCC2CC2)c(C(=O)O)c1COc1ccccc1,inactive,250000.0
598,CHEMBL4568957,Cn1nc(OCc2ccccc2)c(C(=O)O)c1COc1ccccc1,inactive,250000.0
599,CHEMBL4449622,Cn1nc(O)c(C(N)=O)c1COc1ccccc1,inactive,250000.0
600,CHEMBL1956285,Cc1cc(Nc2ccc(S(F)(F)(F)(F)F)cc2)n2nc(C(C)(F)F)nc2n1,active,10.0
601,CHEMBL4545127,Cc1cc(Nc2ccc(S(F)(F)(F)(F)F)c(F)c2)n2nc(C(C)(F)F)nc2n1,active,10.0
