,molecule_chembl_id,canonical_smiles,pIC50,fp
0,CHEMBL199572,CN(C(=O)c1ccc(-c2ccccc2)cc1)c1ccccc1C(=O)O,4.370590400897281,[0 0 0 ... 0 0 0]
1,CHEMBL199574,O=C(Nc1ccccc1C(=O)O)c1ccc2cc(Br)ccc2c1,3.845880474484153,[0 0 0 ... 0 0 0]
2,CHEMBL372561,CN(C(=O)c1ccc2cc(Br)ccc2c1)c1ccccc1C(=O)O,4.029653123769907,[0 0 0 ... 0 0 0]
3,CHEMBL370865,O=C(Nc1ccccc1C(=O)O)c1ccc(-c2ccccc2)cc1,3.8138916201867943,[0 0 0 ... 0 0 0]
4,CHEMBL199575,CN(C(=O)c1ccc2ccccc2c1)c1ccccc1C(=O)O,3.6989700043360183,[0 0 0 ... 0 0 0]
5,CHEMBL200536,O=C(Nc1ccccc1C(=O)O)c1ccc2ccccc2c1,3.6989700043360183,[0 0 0 ... 0 0 0]
6,CHEMBL218467,CCOC(=O)C(=CNc1ccc2sc3ccccc3c2c1)C(=O)OCC,6.795880017344075,[0 0 0 ... 0 0 0]
7,CHEMBL973,C/C(O)=C(\C#N)C(=O)Nc1ccc(C(F)(F)F)cc1,3.721017883134557,[0 0 0 ... 0 0 0]
8,CHEMBL217893,Cc1c(C(=O)Nc2cc(Cl)cc(Cl)c2)cccc1[N+](=O)[O-],6.638272163982407,[0 0 0 ... 1 1 0]
9,CHEMBL217951,Cc1cc(Br)ccc1NC(=O)c1ccc2ccccc2c1,6.7447274948966935,[0 0 0 ... 0 0 0]
10,CHEMBL217897,CCOC(=O)C(=CNc1cccc(-c2ccccc2)c1)C(=O)OCC,4.06198090252379,[0 0 0 ... 0 0 0]
11,CHEMBL387254,CCOC(=O)/C(C#N)=C\Nc1cccc(-c2ccccc2)c1,4.671620396561262,[0 0 0 ... 0 0 0]
12,CHEMBL373493,CCOC(=O)C(=CNc1ccc(-c2ccccc2)cc1)C(=O)OCC,3.3010299956639813,[0 0 0 ... 0 0 0]
13,CHEMBL374338,CCOC(=O)/C(C#N)=C\Nc1ccc(-c2ccccc2)cc1,3.3010299956639813,[0 0 0 ... 0 0 0]
14,CHEMBL219855,CCOC(=O)C(=CNc1ccc2[nH]cnc2c1)C(=O)OCC,3.457050151185821,[0 0 0 ... 0 0 0]
15,CHEMBL413583,CCOC(=O)C(=CNc1ccccc1C)C(=O)OCC,3.4614262661931443,[0 0 0 ... 0 0 0]
16,CHEMBL219856,CCOC(=O)C(=CNc1ccc(C)cc1)C(=O)OCC,4.3979400086720375,[0 0 0 ... 0 0 0]
17,CHEMBL435137,CCOC(=O)C(=CNc1ccc2[nH]ncc2c1)C(=O)OCC,4.556267758598403,[0 0 0 ... 0 0 0]
18,CHEMBL218703,CCOC(=O)/C(C#N)=C\Nc1ccc2c(c1)c1ccccc1n2CC,6.356547323513812,[0 0 0 ... 0 0 0]
19,CHEMBL454269,Cc1cc(Nc2ccccc2Cl)n2ncnc2n1,4.0,[0 0 0 ... 0 0 0]
20,CHEMBL473816,Cc1cc(Nc2ccccc2C)n2ncnc2n1,4.0,[0 0 0 ... 0 0 0]
21,CHEMBL475663,Cc1cc(Nc2ccccc2C(F)(F)F)n2ncnc2n1,4.0,[0 0 0 ... 0 0 0]
22,CHEMBL452667,Cc1cc(Nc2ccccc2C#N)n2ncnc2n1,4.0,[0 0 0 ... 0 0 0]
23,CHEMBL514038,Cc1cc(Nc2cccc(F)c2)n2ncnc2n1,5.036212172654444,[0 0 0 ... 0 0 0]
24,CHEMBL499296,Cc1cc(Nc2cccc(Cl)c2)n2ncnc2n1,5.853871964321762,[0 0 0 ... 0 0 0]
25,CHEMBL475664,Cc1cccc(Nc2cc(C)nc3ncnn23)c1,5.309803919971486,[0 0 0 ... 0 0 0]
26,CHEMBL474842,Cc1cc(Nc2cccc(C(F)(F)F)c2)n2ncnc2n1,4.853871964321762,[0 0 0 ... 0 0 0]
27,CHEMBL474004,Cc1cc(Nc2ccc(F)cc2)n2ncnc2n1,4.721246399047171,[0 0 0 ... 0 0 0]
28,CHEMBL452465,Cc1cc(Nc2ccc(Cl)cc2)n2ncnc2n1,5.795880017344075,[0 0 0 ... 0 0 0]
29,CHEMBL492520,Cc1cc(Nc2ccc(Br)cc2)n2ncnc2n1,6.107905397309519,[0 0 0 ... 0 0 0]
30,CHEMBL492528,Cc1ccc(Nc2cc(C)nc3ncnn23)cc1,5.376750709602099,[0 0 0 ... 0 0 0]
31,CHEMBL492529,Cc1cc(Nc2ccc(C(F)(F)F)cc2)n2ncnc2n1,6.552841968657781,[0 0 0 ... 0 0 0]
32,CHEMBL523669,COc1ccc(Nc2cc(C)nc3ncnn23)cc1,5.337242168318426,[0 0 0 ... 0 0 0]
33,CHEMBL492530,Cc1cc(Nc2ccc(OC(F)(F)F)cc2)n2ncnc2n1,5.920818753952375,[0 0 0 ... 0 0 0]
34,CHEMBL492336,Cc1cc(Nc2ccc(OC(F)F)cc2)n2ncnc2n1,5.552841968657781,[0 0 0 ... 0 0 0]
35,CHEMBL500504,Cc1cc(Nc2ccc([N+](=O)[O-])cc2)n2ncnc2n1,5.366531544420414,[0 0 0 ... 0 0 0]
36,CHEMBL522991,Cc1cc(Nc2ccc(-c3ccccc3)cc2)n2ncnc2n1,5.275724130399211,[0 0 0 ... 0 0 0]
37,CHEMBL492549,Cc1cc(Nc2ccc(Cc3ccccc3)cc2)n2ncnc2n1,5.657577319177793,[0 0 0 ... 0 0 0]
38,CHEMBL506446,Cc1cc(Nc2cccc(F)c2F)n2ncnc2n1,4.4089353929735005,[0 0 0 ... 0 0 0]
39,CHEMBL451525,Cc1cc(Nc2cc(F)ccc2F)n2ncnc2n1,4.301029995663981,[0 0 0 ... 0 0 0]
40,CHEMBL492550,Cc1cc(Nc2c(F)cccc2F)n2ncnc2n1,4.0,[0 0 0 ... 0 0 0]
41,CHEMBL493761,Cc1cc(Nc2ccc(F)c(F)c2F)n2ncnc2n1,4.537602002101044,[0 0 0 ... 0 0 0]
42,CHEMBL451417,Cc1cc(Nc2cc(F)c(F)cc2F)n2ncnc2n1,4.769551078621726,[0 0 0 ... 0 0 0]
43,CHEMBL523691,Cc1cc(Nc2c(F)cc(F)cc2F)n2ncnc2n1,4.0,[0 0 0 ... 0 0 0]
44,CHEMBL508404,Cc1cc(Nc2c(F)c(F)cc(F)c2F)n2ncnc2n1,4.0,[0 0 0 ... 0 0 0]
45,CHEMBL492497,Cc1cc(Nc2c(F)c(F)c(F)c(F)c2F)n2ncnc2n1,4.0,[0 0 0 ... 0 0 0]
46,CHEMBL502389,Cc1ccc(Nc2cc(C)nc3ncnn23)c(F)c1,4.568636235841013,[0 0 0 ... 0 0 0]
47,CHEMBL523163,Cc1cc(Nc2ccc(F)c(F)c2)n2ncnc2n1,5.096910013008056,[0 0 0 ... 0 0 0]
48,CHEMBL492695,Cc1cc(Nc2cc(F)cc(F)c2)n2ncnc2n1,5.026872146400302,[0 0 0 ... 0 0 0]
49,CHEMBL492711,Cc1cc(Nc2cc(C(F)(F)F)cc(C(F)(F)F)c2)n2ncnc2n1,4.0,[0 0 0 ... 0 0 0]
50,CHEMBL492712,Cc1cc(Nc2ccc(F)c(C)c2)n2ncnc2n1,5.337242168318426,[0 0 0 ... 0 0 0]
51,CHEMBL452392,Cc1cc(Nc2ccc(Cl)c(C(F)(F)F)c2)n2ncnc2n1,6.096910013008056,[0 0 0 ... 0 0 0]
52,CHEMBL13380,Cc1cc(Nc2ccc(Br)c(C(F)(F)F)c2)n2ncnc2n1,6.346787486224656,[0 0 0 ... 0 0 0]
53,CHEMBL437480,Cc1cc(Nc2ccc(C)c(C(F)(F)F)c2)n2ncnc2n1,5.809668301829708,[0 0 0 ... 0 0 0]
54,CHEMBL447995,Cc1cc(Nc2ccc(C)c(C)c2)n2ncnc2n1,6.455931955649724,[0 0 0 ... 0 0 0]
55,CHEMBL522325,Cc1cc(Nc2ccc(C#N)c(C(F)(F)F)c2)n2ncnc2n1,5.309803919971486,[0 0 0 ... 0 0 0]
56,CHEMBL492719,Cc1cc(Nc2ccc(C)c(F)c2)n2ncnc2n1,6.0655015487564325,[0 0 0 ... 0 0 0]
57,CHEMBL492720,Cc1cc(Nc2ccc(C(F)(F)F)c(F)c2)n2ncnc2n1,7.113509274827518,[0 0 0 ... 0 0 0]
58,CHEMBL444928,Cc1cc(Nc2ccccc2F)n2ncnc2n1,4.0,[0 0 0 ... 0 0 0]
59,CHEMBL475813,Cc1cc(Nc2ccc3ccccc3c2)n2ncnc2n1,7.327902142064283,[0 0 0 ... 0 0 0]
60,CHEMBL475814,Cc1cc(Nc2ccc3cc4ccccc4cc3c2)n2ncnc2n1,7.251811972993799,[0 0 0 ... 0 0 0]
61,CHEMBL446825,Cc1cc(Nc2ccccc2)n2ncnc2n1,4.0,[0 0 0 ... 0 0 0]
62,CHEMBL449358,Cc1cc(Nc2cccc3ccccc23)n2ncnc2n1,4.346787486224656,[0 0 0 ... 0 0 0]
63,CHEMBL484305,Cc1cc(Nc2ccc3c(=O)cc(C)oc3c2)n2ncnc2n1,5.698970004336019,[0 0 0 ... 0 0 0]
64,CHEMBL487518,Cc1cc(Nc2cc3ccccc3cc2O)n2ncnc2n1,6.481486060122113,[0 0 0 ... 0 0 0]
65,CHEMBL451880,Cc1cc(Nc2ccc3ncccc3c2)n2ncnc2n1,5.920818753952375,[0 0 0 ... 0 0 0]
66,CHEMBL503135,Cc1cc(Nc2cnc3ccccc3c2)n2ncnc2n1,5.769551078621726,[0 0 0 ... 0 0 0]
67,CHEMBL487517,Cc1cc(Nc2ccc(C(N)=O)cc2)n2ncnc2n1,3.6989700043360183,[0 0 0 ... 0 0 0]
68,CHEMBL486697,Cc1cc(N(Cc2ccccc2)c2ccc3ccccc3c2)n2ncnc2n1,4.031517051446065,[1 1 0 ... 0 0 0]
69,CHEMBL486490,Cc1cc(N(C)c2ccc3ccccc3c2)n2ncnc2n1,5.522878745280337,[0 0 0 ... 0 0 0]
70,CHEMBL486489,Cc1nc2ncnn2c(Nc2ccc3ccccc3c2)c1C,6.795880017344075,[0 0 0 ... 0 0 0]
71,CHEMBL484294,CCc1cc(Nc2ccc3ccccc3c2)n2ncnc2n1,6.721246399047171,[1 1 0 ... 0 0 0]
72,CHEMBL519836,FC(F)(F)c1cc(Nc2ccc3ccccc3c2)n2ncnc2n1,6.6777807052660805,[0 0 0 ... 0 0 0]
73,CHEMBL1450,O=C1C(O)=C([C@H]2CC[C@H](c3ccc(Cl)cc3)CC2)C(=O)c2ccccc21,5.0,[1 1 1 ... 0 0 0]
74,CHEMBL567597,C[C@@H]1CC[C@H]2[C@@H](C)C(=O)O[C@@H]3O[C@]4(C)CC[C@@H]1[C@]32OO4,5.0,[0 0 0 ... 0 0 0]
75,CHEMBL275638,O=c1cc(-c2ccccc2)oc2ccccc12,5.0,[0 0 0 ... 0 0 0]
76,CHEMBL429023,C=C(C)[C@H]1Cc2c(ccc3c2O[C@@H]2COc4cc(OC)c(OC)cc4[C@@H]2C3=O)O1,5.0,[1 0 0 ... 0 0 0]
77,CHEMBL481680,c1ccc([I+]c2ccccc2)cc1,5.0,[0 0 0 ... 0 0 0]
78,CHEMBL397686,c1ccc2c(c1)[I+]c1ccccc1-2,5.0,[0 0 0 ... 0 0 0]
79,CHEMBL224182,CCCCCCCCCCCCc1cc(=O)c2ccccc2n1O,5.3979400086720375,[1 1 1 ... 0 0 0]
80,CHEMBL211501,CCCCCC[C@H]1C(=O)O[C@H](C)[C@H](NC(=O)c2cccc(NC=O)c2O)C(=O)O[C@@H](C)[C@@H]1OC(=O)CC(C)C,5.0,[1 1 1 ... 0 0 0]
81,CHEMBL483995,CCOc1cccc(-c2ccc(NC(=O)/C(C#N)=C(/C)O)cc2)c1,3.7389751660076023,[1 1 0 ... 0 0 0]
82,CHEMBL483994,C/C(O)=C(\C#N)C(=O)Nc1ccc(-c2ccccc2)cc1Cl,4.291579099865287,[0 0 0 ... 0 0 0]
83,CHEMBL484531,C/C(O)=C(\C#N)C(=O)Nc1ccc(-c2ccccc2Cl)cc1,4.324221658325915,[0 0 0 ... 0 0 0]
84,CHEMBL505315,C/C(O)=C(\C#N)C(=O)Nc1ccc(-c2cccc(Cl)c2Cl)cc1,4.565431095965801,[0 0 0 ... 1 0 0]
85,CHEMBL520008,C/C(O)=C(\C#N)C(=O)Nc1ccc(-c2cccc(Cl)c2)c(Cl)c1,3.625985259708088,[0 0 0 ... 1 0 0]
86,CHEMBL484780,C/C(O)=C(\C#N)C(=O)Nc1ccc(-c2ccccc2Cl)c(Cl)c1,3.7825160557860937,[0 0 0 ... 1 0 0]
87,CHEMBL484602,C/C(O)=C(\C#N)C(=O)Nc1ccc(-c2cccc(Cl)c2)cc1C(F)(F)F,4.242603971206976,[0 0 0 ... 0 0 0]
88,CHEMBL484595,C/C(O)=C(\C#N)C(=O)Nc1ccc(-c2cccc(Cl)c2)cc1Cl,4.308918507877031,[0 0 0 ... 1 0 0]
89,CHEMBL484594,C/C(O)=C(\C#N)C(=O)Nc1ccc(-c2c(Cl)cccc2Cl)cc1Cl,4.991399828238082,[0 0 0 ... 1 1 0]
90,CHEMBL520999,C/C(O)=C(\C#N)C(=O)Nc1ccc(-c2cccc(Cl)c2Cl)cc1Cl,5.00436480540245,[0 0 0 ... 1 0 0]
91,CHEMBL483161,COc1ccccc1-c1ccc(NC(=O)/C(C#N)=C(/C)O)c(Cl)c1,5.0655015487564325,[0 0 0 ... 0 0 0]
92,CHEMBL520306,C/C(O)=C(\C#N)C(=O)Nc1ccc(-c2ccccc2Cl)cc1C(F)(F)F,5.207608310501746,[0 0 0 ... 0 0 0]
93,CHEMBL483552,C/C(O)=C(\C#N)C(=O)Nc1ccc(-c2ccccc2Cl)cc1Cl,5.3979400086720375,[0 0 0 ... 1 0 0]
94,CHEMBL142996,N#C/C(C(=O)Nc1ccc(-c2ccccc2)cc1)=C(/O)C1CC1,3.6505282007856144,[0 0 0 ... 0 0 0]
95,CHEMBL519160,C/C(O)=C(\C#N)C(=O)Nc1ccc(-c2ccccc2)cc1,4.590066876668706,[0 0 0 ... 0 0 0]
96,CHEMBL141732,N#C/C(C(=O)Nc1ccc(C(F)(F)F)cc1)=C(/O)C1CC1,4.033858267260968,[0 0 0 ... 0 0 0]
97,CHEMBL973,C/C(O)=C(\C#N)C(=O)Nc1ccc(C(F)(F)F)cc1,3.721017883134557,[0 0 0 ... 0 0 0]
98,CHEMBL586157,Cc1cc(Nc2ccc3c(c2)CCC3)n2ncnc2n1,6.657577319177793,[1 0 0 ... 0 0 0]
99,CHEMBL1784578,Cc1cc(Nc2ccc3c(c2)CCCC3)n2ncnc2n1,7.1938200260161125,[1 0 0 ... 0 0 0]
100,CHEMBL1784577,Cc1cc(Nc2cc(F)c(C(F)(F)F)c(F)c2)n2ncnc2n1,6.721246399047171,[0 0 0 ... 0 0 0]
101,CHEMBL1784576,Cc1cc(Nc2ccc(C(F)(F)F)c(C(F)(F)F)c2)n2ncnc2n1,6.267606240177032,[0 0 0 ... 0 0 0]
102,CHEMBL1784575,Cc1cc(Nc2ccc(Cl)c(F)c2)n2ncnc2n1,6.259637310505756,[0 0 0 ... 0 0 0]
103,CHEMBL1784574,Cc1cc(Nc2ccc(C(C)(C)C)c(F)c2)n2ncnc2n1,7.455931955649724,[0 0 0 ... 0 0 0]
104,CHEMBL1784573,Cc1cc(Nc2ccc(C(C)(C)C#N)cc2)n2ncnc2n1,6.0,[0 0 0 ... 0 0 0]
105,CHEMBL1784572,Cc1cc(Nc2ccc(OC(C)(C)C)cc2)n2ncnc2n1,4.356547323513812,[0 0 0 ... 0 0 0]
106,CHEMBL1784571,Cc1cc(Nc2ccc(NC(C)(C)C)cc2)n2ncnc2n1,4.301029995663981,[1 0 0 ... 0 0 0]
107,CHEMBL1784570,Cc1cc(Nc2ccc(N3CCOCC3)cc2)n2ncnc2n1,4.0,[0 0 0 ... 0 0 0]
108,CHEMBL1784569,Cc1cc(Nc2ccc(N3CCCC3)cc2)n2ncnc2n1,5.455931955649724,[0 0 0 ... 0 0 0]
109,CHEMBL582694,Cc1cc(Nc2ccc(N(C)C)cc2)n2ncnc2n1,6.086186147616283,[0 0 0 ... 0 0 0]
110,CHEMBL1784568,Cc1cc(Nc2ccc(OCc3ccccc3)cc2)n2ncnc2n1,5.267606240177032,[0 0 0 ... 0 0 0]
111,CHEMBL1784567,Cc1cc(Nc2ccc(S(F)(F)(F)(F)F)cc2)n2ncnc2n1,6.886056647693163,[0 0 0 ... 0 0 0]
112,CHEMBL1784566,Cc1cc(Nc2ccc(SC(F)(F)F)cc2)n2ncnc2n1,6.214670164989233,[0 0 0 ... 0 0 0]
113,CHEMBL1784565,Cc1cc(Nc2ccc(CC(F)(F)F)cc2)n2ncnc2n1,5.6020599913279625,[0 0 0 ... 0 0 0]
114,CHEMBL1784564,C#Cc1ccc(Nc2cc(C)nc3ncnn23)cc1,5.958607314841775,[0 0 0 ... 0 0 0]
115,CHEMBL1784563,C=Cc1ccc(Nc2cc(C)nc3ncnn23)cc1,6.096910013008056,[0 0 0 ... 0 0 0]
116,CHEMBL1784562,Cc1cc(Nc2ccc(C3CC3)cc2)n2ncnc2n1,6.376750709602099,[0 0 0 ... 0 0 0]
117,CHEMBL1784561,Cc1cc(Nc2ccc(C(C)(C)C)cc2)n2ncnc2n1,7.107905397309519,[0 0 0 ... 0 0 0]
118,CHEMBL600255,Cc1cc(Nc2ccc(C(C)C)cc2)n2ncnc2n1,6.657577319177793,[0 0 0 ... 0 0 0]
119,CHEMBL1784560,CCCCCCCCc1ccc(Nc2cc(C)nc3ncnn23)cc1,4.301029995663981,[1 1 1 ... 0 0 0]
120,CHEMBL1784559,CCCCCCCc1ccc(Nc2cc(C)nc3ncnn23)cc1,4.619788758288394,[1 1 1 ... 0 0 0]
121,CHEMBL1784558,CCCCCCc1ccc(Nc2cc(C)nc3ncnn23)cc1,5.376750709602099,[1 1 1 ... 0 0 0]
122,CHEMBL1784557,CCCCCc1ccc(Nc2cc(C)nc3ncnn23)cc1,6.086186147616283,[1 1 0 ... 0 0 0]
123,CHEMBL1784556,CCCCc1ccc(Nc2cc(C)nc3ncnn23)cc1,6.552841968657781,[0 0 0 ... 0 0 0]
124,CHEMBL1784555,CCCc1ccc(Nc2cc(C)nc3ncnn23)cc1,6.00436480540245,[0 0 0 ... 0 0 0]
125,CHEMBL1714424,CCc1ccc(Nc2cc(C)nc3ncnn23)cc1,6.214670164989233,[0 0 0 ... 0 0 0]
126,CHEMBL1784579,Cc1cc(Nc2ccc3c(c2)OCO3)n2ncnc2n1,5.795880017344075,[0 0 0 ... 0 0 0]
127,CHEMBL1784580,Cc1cc(Nc2ccc3sccc3c2)n2ncnc2n1,7.045757490560675,[0 0 0 ... 0 0 0]
128,CHEMBL1784581,Cc1cc(Nc2ccc3[nH]c(C(F)(F)F)nc3c2)n2ncnc2n1,4.6777807052660805,[0 0 0 ... 0 0 0]
129,CHEMBL1784589,Cc1cc(NC2Cc3ccccc3C2)n2ncnc2n1,6.301029995663981,[1 1 0 ... 0 0 0]
130,CHEMBL1784593,Cc1cc(NC2CCc3ccccc3C2)n2ncnc2n1,6.267606240177032,[1 1 0 ... 0 0 0]
131,CHEMBL1784590,Cc1cc(NC2Cc3ccc(F)cc3C2)n2ncnc2n1,6.214670164989233,[1 1 0 ... 0 0 0]
132,CHEMBL1784594,Cc1cc(NC2CCc3cc(F)ccc3C2)n2ncnc2n1,6.200659450546418,[1 1 0 ... 0 0 0]
133,CHEMBL1784595,Cc1cc(NC2CCc3cc(Cl)ccc3C2)n2ncnc2n1,6.173925197299173,[1 1 0 ... 0 0 0]
134,CHEMBL1784591,Cc1cc(NC2Cc3ccc(Br)cc3C2)n2ncnc2n1,5.920818753952375,[1 1 0 ... 0 0 0]
135,CHEMBL1784592,COc1cc2c(cc1OC)CC(Nc1cc(C)nc3ncnn13)C2,5.337242168318426,[1 1 0 ... 0 0 0]
136,CHEMBL1784710,CCCCCCCNc1cc(C)nc2ncnn12,5.0655015487564325,[1 1 0 ... 0 0 0]
137,CHEMBL1784708,Cc1cc(NCCc2ccccc2)n2ncnc2n1,4.823908740944319,[1 0 0 ... 0 0 0]
138,CHEMBL1784709,Cc1cc(NCCCc2ccccc2)n2ncnc2n1,4.585026652029182,[1 1 0 ... 0 0 0]
139,CHEMBL1784588,Cc1cc(NC2CCCCCCCCCCC2)n2ncnc2n1,4.236572006437063,[1 1 1 ... 0 0 0]
140,CHEMBL1784582,Cc1cc(NC2CC2)n2ncnc2n1,4.0,[1 1 0 ... 0 0 0]
141,CHEMBL1784583,Cc1cc(NC2CCC2)n2ncnc2n1,4.0,[1 1 0 ... 0 0 0]
142,CHEMBL1784584,Cc1cc(NC2CCCC2)n2ncnc2n1,4.0,[1 1 0 ... 0 0 0]
143,CHEMBL1784585,Cc1cc(NC2CCCCC2)n2ncnc2n1,4.0,[1 1 0 ... 0 0 0]
144,CHEMBL1784586,Cc1cc(NC2CCCCCC2)n2ncnc2n1,4.0,[1 1 1 ... 0 0 0]
145,CHEMBL1784587,Cc1cc(NC2CCCCCCC2)n2ncnc2n1,4.0,[1 1 1 ... 0 0 0]
146,CHEMBL1784596,Cc1cc(NOc2ccccc2)n2ncnc2n1,4.0,[0 0 0 ... 0 0 0]
147,CHEMBL1529387,Cc1cc(NCc2ccccc2)n2ncnc2n1,4.0,[0 0 0 ... 0 0 0]
148,CHEMBL1784706,Cc1cc(NCc2ccc(F)cc2)n2ncnc2n1,4.0,[0 0 0 ... 0 0 0]
149,CHEMBL1784707,Cc1cc(NCc2ccc(C(F)(F)F)cc2)n2ncnc2n1,4.0,[0 0 0 ... 0 0 0]
150,CHEMBL1784711,CCc1cc(Nc2ccc(C(F)(F)F)cc2)n2ncnc2n1,6.107905397309519,[1 1 0 ... 0 0 0]
151,CHEMBL1784712,FC(F)(F)c1ccc(Nc2cc(C(F)(F)F)nc3ncnn23)cc1,5.769551078621726,[0 0 0 ... 0 0 0]
152,CHEMBL1784713,FC(F)(F)c1ccc(Nc2cc(Cl)nc3ncnn23)cc1,6.769551078621726,[0 0 0 ... 1 0 0]
153,CHEMBL1784714,CCc1c(C)nc2ncnn2c1Nc1ccc(C(C)C)cc1,5.769551078621726,[1 1 0 ... 0 0 0]
154,CHEMBL1784715,CCc1c(C)nc2ncnn2c1Nc1ccc(OC(F)(F)F)cc1,5.494850021680094,[1 1 0 ... 0 0 0]
155,CHEMBL1784716,CCCc1c(C)nc2ncnn2c1Nc1ccc(C)cc1,4.0,[1 1 1 ... 0 0 0]
156,CHEMBL1784717,Cc1ccc(Nc2c3c(nc4ncnn24)CCC3)cc1F,5.853871964321762,[1 1 1 ... 0 0 0]
157,CHEMBL1956499,Cc1cc(Nc2ccc(C(F)(F)F)cc2)n2nc(CCO)nc2n1,6.031517051446065,[1 0 0 ... 0 0 0]
158,CHEMBL1956498,Cc1cc(Nc2cccc(Cl)c2)n2nc(CO)nc2n1,5.214670164989233,[0 0 0 ... 0 0 0]
159,CHEMBL1956497,Cc1cc(Nc2ccc(Cl)cc2)n2nc(CO)nc2n1,5.275724130399211,[0 0 0 ... 0 0 0]
160,CHEMBL1956496,Cc1cc(Nc2ccc(Cl)cc2)n2nc(CCN)nc2n1,5.0,[1 0 0 ... 0 0 0]
161,CHEMBL1956495,CNCc1nc2nc(C)cc(Nc3cccc(Cl)c3)n2n1,5.0,[0 0 0 ... 0 0 0]
162,CHEMBL1956494,Cc1cc(Nc2cccc(Cl)c2)n2nc(CN)nc2n1,5.0,[0 0 0 ... 0 0 0]
163,CHEMBL1956493,Cc1cc(Nc2cccc(Cl)c2)n2nc(CN(C)C)nc2n1,5.0,[0 0 0 ... 0 0 0]
164,CHEMBL1956492,CNCCc1nc2nc(C)cc(Nc3cccc(Cl)c3)n2n1,5.0,[1 0 0 ... 0 0 0]
165,CHEMBL1956491,Cc1cc(Nc2ccc(Cl)cc2)n2nc(CN(C)C)nc2n1,5.0,[0 0 0 ... 0 0 0]
166,CHEMBL1956490,CNCc1nc2nc(C)cc(Nc3ccc(Cl)cc3)n2n1,5.0,[0 0 0 ... 0 0 0]
167,CHEMBL1956489,Cc1cc(Nc2ccc(Cl)cc2)n2nc(CN)nc2n1,5.0,[0 0 0 ... 0 0 0]
168,CHEMBL1956488,CNCCc1nc2nc(C)cc(Nc3ccc(Cl)cc3)n2n1,5.0,[1 0 0 ... 0 0 0]
169,CHEMBL1956487,Cc1cc(Nc2cccc(Cl)c2)n2[nH]c(=O)nc2n1,5.0,[0 0 0 ... 0 0 0]
170,CHEMBL1956486,Cc1cc(Nc2ccc(Cl)cc2)n2[nH]c(=O)nc2n1,5.0,[0 0 0 ... 0 0 0]
171,CHEMBL1956485,Cc1cc(Nc2ccc(Cl)cc2)n2nc(OCCN)nc2n1,5.0,[1 0 0 ... 0 0 0]
172,CHEMBL1956484,Cc1cc(Nc2ccc(C(F)(F)F)cc2)n2nc(OCCN)nc2n1,5.0,[1 0 0 ... 0 0 0]
173,CHEMBL1956483,Cc1cc(Nc2cccc(Cl)c2)n2nc(OCCN)nc2n1,5.0,[1 0 0 ... 0 0 0]
174,CHEMBL1956482,Cc1cc(Nc2ccc(S(F)(F)(F)(F)F)cc2)n2nc(OCCN(C)C)nc2n1,5.0,[1 0 0 ... 0 0 0]
175,CHEMBL1956481,Cc1cc(Nc2ccc(C(F)(F)F)cc2)n2nc(OCCN(C)C)nc2n1,5.0,[1 0 0 ... 0 0 0]
176,CHEMBL1956480,Cc1cc(Nc2cccc(Cl)c2)n2nc(OCCN(C)C)nc2n1,5.0,[1 0 0 ... 0 0 0]
177,CHEMBL1956479,Cc1cc(Nc2ccc(Cl)cc2)n2nc(OCCN(C)C)nc2n1,5.0,[1 0 0 ... 0 0 0]
178,CHEMBL1955872,CNCCOc1nc2nc(C)cc(Nc3ccc(S(F)(F)(F)(F)F)cc3)n2n1,5.0,[1 0 0 ... 0 0 0]
179,CHEMBL1956478,CNCCOc1nc2nc(C)cc(Nc3ccc(C(F)(F)F)cc3)n2n1,5.0,[1 0 0 ... 0 0 0]
180,CHEMBL1956477,CNCCOc1nc2nc(C)cc(Nc3cccc(Cl)c3)n2n1,5.0,[1 0 0 ... 0 0 0]
181,CHEMBL1956476,CNCCOc1nc2nc(C)cc(Nc3ccc(Cl)cc3)n2n1,5.0,[1 0 0 ... 0 0 0]
182,CHEMBL1956475,COCCOc1nc2nc(C)cc(Nc3cccc(Cl)c3)n2n1,5.309803919971486,[1 0 0 ... 0 0 0]
183,CHEMBL1956474,COCCOc1nc2nc(C)cc(Nc3ccc(Cl)cc3)n2n1,5.0,[1 0 0 ... 0 0 0]
184,CHEMBL1956473,CCOc1nc2nc(C)cc(Nc3ccc(S(F)(F)(F)(F)F)cc3)n2n1,7.244125144327507,[1 0 0 ... 0 0 0]
185,CHEMBL1956472,CCOc1nc2nc(C)cc(Nc3ccc(C(F)(F)F)cc3)n2n1,7.251811972993799,[1 0 0 ... 0 0 0]
186,CHEMBL1956471,CCOc1nc2nc(C)cc(Nc3ccc(Cl)cc3)n2n1,6.568636235841013,[1 0 0 ... 0 0 0]
187,CHEMBL1956470,CCOc1nc2nc(C)cc(Nc3cccc(Cl)c3)n2n1,6.3979400086720375,[1 0 0 ... 0 0 0]
188,CHEMBL1956469,COc1nc2nc(C)cc(Nc3ccc(Cl)cc3)n2n1,6.337242168318426,[0 0 0 ... 0 0 0]
189,CHEMBL1956468,COc1nc2nc(C)cc(Nc3cccc(Cl)c3)n2n1,6.301029995663981,[0 0 0 ... 0 0 0]
190,CHEMBL1956467,Cc1cc(Nc2ccc(S(F)(F)(F)(F)F)cc2)n2nc(S(C)(=O)=O)nc2n1,6.958607314841775,[0 0 0 ... 0 0 0]
191,CHEMBL1956466,Cc1cc(Nc2ccc(C(F)(F)F)cc2)n2nc(S(C)(=O)=O)nc2n1,7.045757490560675,[0 0 0 ... 0 0 0]
192,CHEMBL1956305,Cc1cc(Nc2cccc(Cl)c2)n2nc(S(C)(=O)=O)nc2n1,6.795880017344075,[0 0 0 ... 0 0 0]
193,CHEMBL1956304,Cc1cc(Nc2ccc(Cl)cc2)n2nc(S(C)(=O)=O)nc2n1,7.346787486224656,[0 0 0 ... 0 0 0]
194,CHEMBL1956303,CSc1nc2nc(C)cc(Nc3ccc(S(F)(F)(F)(F)F)cc3)n2n1,7.522878745280337,[0 0 0 ... 0 0 0]
195,CHEMBL1956302,CSc1nc2nc(C)cc(Nc3ccc(C(F)(F)F)cc3)n2n1,7.443697499232712,[0 0 0 ... 0 0 0]
196,CHEMBL1956301,CSc1nc2nc(C)cc(Nc3cccc(Cl)c3)n2n1,7.585026652029182,[0 0 0 ... 0 0 0]
197,CHEMBL1956300,CSc1nc2nc(C)cc(Nc3ccc(Cl)cc3)n2n1,7.522878745280337,[0 0 0 ... 0 0 0]
198,CHEMBL1956299,COCCc1nc2nc(C)cc(Nc3ccc(S(F)(F)(F)(F)F)cc3)n2n1,5.6020599913279625,[1 0 0 ... 0 0 0]
199,CHEMBL1956298,COCCc1nc2nc(C)cc(Nc3ccc(C(F)(F)F)cc3)n2n1,5.6020599913279625,[1 0 0 ... 0 0 0]
200,CHEMBL1956297,COCCc1nc2nc(C)cc(Nc3cccc(Cl)c3)n2n1,5.0,[1 0 0 ... 0 0 0]
201,CHEMBL1956296,COCCc1nc2nc(C)cc(Nc3ccc(Cl)cc3)n2n1,5.0,[1 0 0 ... 0 0 0]
202,CHEMBL1956295,COCc1nc2nc(C)cc(Nc3ccc(S(F)(F)(F)(F)F)cc3)n2n1,6.4089353929735005,[0 0 0 ... 0 0 0]
203,CHEMBL1956294,COCc1nc2nc(C)cc(Nc3ccc(C(F)(F)F)cc3)n2n1,6.3872161432802645,[0 0 0 ... 0 0 0]
204,CHEMBL1956293,COCc1nc2nc(C)cc(Nc3cccc(Cl)c3)n2n1,5.769551078621726,[0 0 0 ... 0 0 0]
205,CHEMBL1956292,COCc1nc2nc(C)cc(Nc3ccc(Cl)cc3)n2n1,5.657577319177793,[0 0 0 ... 0 0 0]
206,CHEMBL1956291,Cc1cc(Nc2ccc(S(F)(F)(F)(F)F)cc2)n2nc(C(F)(F)F)nc2n1,7.522878745280337,[0 0 0 ... 0 0 0]
207,CHEMBL1956290,Cc1cc(Nc2ccc(C(F)(F)F)cc2)n2nc(C(F)(F)F)nc2n1,7.455931955649724,[0 0 0 ... 0 0 0]
208,CHEMBL1956289,CCC(F)(F)c1nc2nc(C)cc(Nc3ccc(S(F)(F)(F)(F)F)cc3)n2n1,7.1249387366083,[1 0 0 ... 0 0 0]
209,CHEMBL1956288,CCC(F)(F)c1nc2nc(C)cc(Nc3ccc(C(F)(F)F)cc3)n2n1,7.721246399047171,[1 0 0 ... 0 0 0]
210,CHEMBL1956287,CCC(F)(F)c1nc2nc(C)cc(Nc3cccc(Cl)c3)n2n1,7.522878745280337,[1 0 0 ... 0 0 0]
211,CHEMBL1956286,CCC(F)(F)c1nc2nc(C)cc(Nc3ccc(Cl)cc3)n2n1,7.468521082957745,[1 0 0 ... 0 0 0]
212,CHEMBL1956285,Cc1cc(Nc2ccc(S(F)(F)(F)(F)F)cc2)n2nc(C(C)(F)F)nc2n1,7.481486060122112,[0 0 0 ... 0 0 0]
213,CHEMBL1738786,Cc1cc(Nc2ccc(C(F)(F)F)cc2)n2nc(C(C)(F)F)nc2n1,7.42021640338319,[0 0 0 ... 0 0 0]
214,CHEMBL1956284,Cc1cc(Nc2cccc(Cl)c2)n2nc(C(C)(F)F)nc2n1,7.267606240177032,[0 0 0 ... 0 0 0]
215,CHEMBL1956283,Cc1cc(Nc2ccc(Cl)cc2)n2nc(C(C)(F)F)nc2n1,7.42021640338319,[0 0 0 ... 0 0 0]
216,CHEMBL1956282,Cc1cc(Nc2ccc(S(F)(F)(F)(F)F)cc2)n2nc(CC3CC3)nc2n1,5.2441251443275085,[0 0 0 ... 0 0 0]
217,CHEMBL1956281,Cc1cc(Nc2ccc(C(F)(F)F)cc2)n2nc(CC3CC3)nc2n1,5.769551078621726,[0 0 0 ... 0 0 0]
218,CHEMBL1955870,Cc1cc(Nc2cccc(Cl)c2)n2nc(CC3CC3)nc2n1,5.0,[0 0 0 ... 0 0 0]
219,CHEMBL1956280,Cc1cc(Nc2ccc(Cl)cc2)n2nc(CC3CC3)nc2n1,4.920818753952375,[0 0 0 ... 0 0 0]
220,CHEMBL1956279,Cc1cc(Nc2ccc(S(F)(F)(F)(F)F)cc2)n2nc(C3CC3)nc2n1,7.031517051446065,[1 1 0 ... 0 0 0]
221,CHEMBL1956278,Cc1cc(Nc2ccc(C(F)(F)F)cc2)n2nc(C3CC3)nc2n1,6.853871964321762,[1 1 0 ... 0 0 0]
222,CHEMBL1956277,Cc1cc(Nc2cccc(Cl)c2)n2nc(C3CC3)nc2n1,6.086186147616283,[1 1 0 ... 0 0 0]
223,CHEMBL1956276,Cc1cc(Nc2ccc(Cl)cc2)n2nc(C3CC3)nc2n1,6.055517327849832,[1 1 0 ... 0 0 0]
224,CHEMBL1956275,CCC(C)c1nc2nc(C)cc(Nc3ccc(S(F)(F)(F)(F)F)cc3)n2n1,6.481486060122113,[1 0 0 ... 0 0 0]
225,CHEMBL1956274,CCC(C)c1nc2nc(C)cc(Nc3ccc(C(F)(F)F)cc3)n2n1,6.42021640338319,[1 0 0 ... 0 0 0]
226,CHEMBL1956273,Cc1cc(Nc2ccc(S(F)(F)(F)(F)F)cc2)n2nc(C(C)(C)C)nc2n1,6.259637310505756,[0 0 0 ... 0 0 0]
227,CHEMBL1956272,Cc1cc(Nc2ccc(C(F)(F)F)cc2)n2nc(C(C)(C)C)nc2n1,6.337242168318426,[0 0 0 ... 0 0 0]
228,CHEMBL1956271,Cc1cc(Nc2ccc(S(F)(F)(F)(F)F)cc2)n2nc(CC(C)C)nc2n1,5.0,[0 0 0 ... 0 0 0]
229,CHEMBL1956270,Cc1cc(Nc2ccc(C(F)(F)F)cc2)n2nc(CC(C)C)nc2n1,5.698970004336019,[0 0 0 ... 0 0 0]
230,CHEMBL1956261,Cc1cc(Nc2cccc(Cl)c2)n2nc(CC(C)C)nc2n1,5.0,[0 0 0 ... 0 0 0]
231,CHEMBL1956260,Cc1cc(Nc2ccc(Cl)cc2)n2nc(CC(C)C)nc2n1,5.0,[0 0 0 ... 0 0 0]
232,CHEMBL1956269,Cc1cc(Nc2ccc(S(F)(F)(F)(F)F)cc2)n2nc(C(C)C)nc2n1,7.0,[0 0 0 ... 0 0 0]
233,CHEMBL1956268,Cc1cc(Nc2ccc(C(F)(F)F)cc2)n2nc(C(C)C)nc2n1,6.958607314841775,[0 0 0 ... 0 0 0]
234,CHEMBL1956267,Cc1cc(Nc2cccc(Cl)c2)n2nc(C(C)C)nc2n1,6.920818753952375,[0 0 0 ... 0 0 0]
235,CHEMBL1956266,Cc1cc(Nc2ccc(Cl)cc2)n2nc(C(C)C)nc2n1,6.481486060122113,[0 0 0 ... 0 0 0]
236,CHEMBL1956265,CCc1nc2nc(C)cc(Nc3ccc(S(F)(F)(F)(F)F)cc3)n2n1,6.823908740944319,[0 0 0 ... 0 0 0]
237,CHEMBL1956264,CCc1nc2nc(C)cc(Nc3ccc(C(F)(F)F)cc3)n2n1,7.060480747381382,[0 0 0 ... 0 0 0]
238,CHEMBL1956263,CCc1nc2nc(C)cc(Nc3cccc(Cl)c3)n2n1,6.619788758288394,[0 0 0 ... 0 0 0]
239,CHEMBL1956262,CCc1nc2nc(C)cc(Nc3ccc(Cl)cc3)n2n1,6.552841968657781,[0 0 0 ... 0 0 0]
240,CHEMBL2012819,NC(=O)c1ccc(-n2cnc3ccccc32)s1,4.522878745280337,[0 0 0 ... 0 0 0]
241,CHEMBL2012820,CNC(=O)c1ccc(-n2cnc3ccccc32)s1,5.966576244513051,[0 0 0 ... 0 0 0]
242,CHEMBL2012821,CCNC(=O)c1ccc(-n2cnc3ccccc32)s1,6.853871964321762,[0 0 0 ... 0 0 0]
243,CHEMBL2012822,CCCNC(=O)c1ccc(-n2cnc3ccccc32)s1,6.154901959985743,[1 0 0 ... 0 0 0]
244,CHEMBL2012823,CC(C)NC(=O)c1ccc(-n2cnc3ccccc32)s1,6.167491087293763,[0 0 0 ... 0 0 0]
245,CHEMBL2012824,O=C(NC1CC1)c1ccc(-n2cnc3ccccc32)s1,7.221848749616356,[1 1 0 ... 0 0 0]
246,CHEMBL2012825,O=C(NC1CCC1)c1ccc(-n2cnc3ccccc32)s1,6.376750709602099,[1 1 0 ... 0 0 0]
247,CHEMBL2012826,CCCCNC(=O)c1ccc(-n2cnc3ccccc32)s1,4.543633966870957,[1 1 0 ... 0 0 0]
248,CHEMBL2012827,O=C(NC1CCCC1)c1ccc(-n2cnc3ccccc32)s1,5.600326278518962,[1 1 1 ... 0 0 0]
249,CHEMBL2012828,CN(C)C(=O)c1ccc(-n2cnc3ccccc32)s1,4.522878745280337,[0 0 0 ... 0 0 0]
250,CHEMBL2012829,Cc1nc2ccccc2n1-c1ccc(C(=O)NC2CC2)s1,7.096910013008056,[1 1 0 ... 0 0 0]
251,CHEMBL2012830,CCc1nc2ccccc2n1-c1ccc(C(=O)NC2CC2)s1,6.958607314841775,[1 1 0 ... 0 0 0]
252,CHEMBL2012831,CCCc1nc2ccccc2n1-c1ccc(C(=O)NC2CC2)s1,6.7447274948966935,[1 1 1 ... 0 0 0]
253,CHEMBL2012940,O=C(NC1CC1)c1ccc(-n2c(=O)[nH]c3ccccc32)s1,4.522878745280337,[1 1 0 ... 0 0 0]
254,CHEMBL2012941,O=C(NC1CC1)c1ccc(-n2c(C(F)(F)F)nc3ccccc32)s1,6.2441251443275085,[1 1 0 ... 1 0 0]
255,CHEMBL2012942,CN(C)c1nc2ccccc2n1-c1ccc(C(=O)NC2CC2)s1,5.251811972993799,[1 1 0 ... 0 0 0]
256,CHEMBL2012943,Cc1cccc2c1nc(C)n2-c1ccc(C(=O)NC2CC2)s1,7.4089353929735005,[1 1 0 ... 0 0 0]
257,CHEMBL2012944,Cc1ccc2c(c1)nc(C)n2-c1ccc(C(=O)NC2CC2)s1,7.251811972993799,[1 1 0 ... 0 0 0]
258,CHEMBL2012945,Cc1ccc2nc(C)n(-c3ccc(C(=O)NC4CC4)s3)c2c1,7.251811972993799,[1 1 0 ... 0 0 0]
259,CHEMBL2012946,Cc1cccc2nc(C)n(-c3ccc(C(=O)NC4CC4)s3)c12,6.215382707367125,[1 1 0 ... 0 0 0]
260,CHEMBL1234899,Cc1nc2cc(OC(F)(F)F)ccc2n1-c1ccc(C(=O)NC2CC2)s1,7.657577319177793,[1 1 0 ... 0 0 0]
261,CHEMBL2012947,Cc1nc2ccc(OC(F)(F)F)cc2n1-c1ccc(C(=O)NC2CC2)s1,7.2839966563652,[1 1 0 ... 0 0 0]
262,CHEMBL2012948,Cc1nc2cc(C(F)(F)F)ccc2n1-c1ccc(C(=O)NC2CC2)s1,7.552841968657781,[1 1 0 ... 0 0 0]
263,CHEMBL2012949,Cc1nc2ccc(C(F)(F)F)cc2n1-c1ccc(C(=O)NC2CC2)s1,7.036212172654444,[1 1 0 ... 0 0 0]
264,CHEMBL2012950,COc1cccc2c1nc(C)n2-c1ccc(C(=O)NC2CC2)s1,6.790484985457369,[1 1 0 ... 0 0 0]
265,CHEMBL2012951,Cc1nc2c(OC(F)F)cccc2n1-c1ccc(C(=O)NC2CC2)s1,7.356547323513812,[1 1 0 ... 0 0 0]
266,CHEMBL2012952,Cc1nc2c(OCCF)cccc2n1-c1ccc(C(=O)NC2CC2)s1,7.552841968657781,[1 1 0 ... 0 0 0]
267,CHEMBL2012953,Cc1nc2c(F)cccc2n1-c1ccc(C(=O)NC2CC2)s1,7.468521082957745,[1 1 0 ... 0 0 0]
268,CHEMBL2012954,Cc1nc2ccc(F)cc2n1-c1ccc(C(=O)NC2CC2)s1,6.954677021213342,[1 1 0 ... 0 0 0]
269,CHEMBL2012955,Cc1nc2c(Cl)cccc2n1-c1ccc(C(=O)NC2CC2)s1,7.67778070526608,[1 1 0 ... 0 0 0]
270,CHEMBL2012956,Cc1nc2cc(Cl)ccc2n1-c1ccc(C(=O)NC2CC2)s1,7.309803919971486,[1 1 0 ... 0 0 0]
271,CHEMBL2012957,Cc1nc2c(Br)cccc2n1-c1ccc(C(=O)NC2CC2)s1,7.67778070526608,[1 1 0 ... 0 0 0]
272,CHEMBL2012958,Cc1nc2c(C#N)cccc2n1-c1ccc(C(=O)NC2CC2)s1,7.397940008672037,[1 1 0 ... 0 0 0]
273,CHEMBL2012959,Cc1nc2c(N(C)C)cccc2n1-c1ccc(C(=O)NC2CC2)s1,6.742321425130816,[1 1 0 ... 0 0 0]
274,CHEMBL2012960,Cc1cc(F)c2nc(C)n(-c3ccc(C(=O)NC4CC4)s3)c2c1,7.494850021680094,[1 1 0 ... 0 0 0]
275,CHEMBL2012961,Cc1cc(F)c2ncn(-c3ccc(C(=O)NC4CC4)s3)c2c1,7.769551078621726,[1 1 0 ... 0 0 0]
276,CHEMBL2012962,Cc1nc2c(Cl)cc(F)cc2n1-c1ccc(C(=O)NC2CC2)s1,7.602059991327962,[1 1 0 ... 1 0 0]
277,CHEMBL2012963,O=C(NC1CC1)c1ccc(-n2cnc3c(Cl)cc(F)cc32)s1,7.455931955649724,[1 1 0 ... 1 0 0]
278,CHEMBL2012964,Cc1cc(F)c2c(c1)ncn2-c1ccc(C(=O)NC2CC2)s1,7.022276394711152,[1 1 0 ... 0 0 0]
279,CHEMBL2012965,O=C(NC1CC1)c1ccc(-n2cnc3cc(C(F)(F)F)ccc32)s1,7.721246399047171,[1 1 0 ... 0 0 0]
280,CHEMBL2012966,O=C(NC1CC1)c1ccc(-n2cnc3c(F)cccc32)s1,7.207608310501746,[1 1 0 ... 0 0 0]
281,CHEMBL2047243,Nc1nc2c(c(Nc3ccccc3)n1)-c1ccccc1C2,3.6989700043360183,[1 1 0 ... 0 0 0]
282,CHEMBL2047246,Nc1nc2c(c(Nc3cccc(F)c3)n1)-c1ccccc1C2,3.6989700043360183,[1 1 0 ... 0 0 0]
283,CHEMBL2047247,Nc1nc2c(c(Nc3ccc(Cl)cc3)n1)-c1ccccc1C2,3.6989700043360183,[1 1 0 ... 0 0 0]
284,CHEMBL2047248,Nc1nc2c(c(Nc3cccc(Br)c3)n1)-c1ccccc1C2,3.6989700043360183,[1 1 0 ... 0 0 0]
285,CHEMBL2047251,COc1cccc(Nc2nc(N)nc3c2-c2ccccc2C3)c1,3.6989700043360183,[1 1 0 ... 0 0 0]
286,CHEMBL2047253,Nc1nc2c(c(Nc3ccc(Cl)cc3F)n1)-c1ccccc1C2,3.6989700043360183,[1 0 0 ... 0 0 0]
287,CHEMBL2172226,Cc1cc(Nc2ccc(C(F)(F)F)cc2)n2ccnc2n1,7.113509274827518,[0 0 0 ... 0 0 0]
288,CHEMBL2172229,Cc1nc(Nc2n[nH]cc2C#N)c2nc[nH]c2n1,4.0,[0 0 0 ... 0 0 0]
289,CHEMBL2172228,Cc1nc(Nc2ccc3ncccc3c2)c2nc[nH]c2n1,4.6020599913279625,[0 0 0 ... 0 0 0]
290,CHEMBL2172227,Cc1nc(Nc2cnc3ccccc3c2)c2nc[nH]c2n1,4.568636235841013,[0 0 0 ... 0 0 0]
291,CHEMBL2172230,Cc1nc(Nc2ccc3cc4ccccc4cc3c2)c2nc[nH]c2n1,5.318758762624412,[0 0 0 ... 0 0 0]
292,CHEMBL2172231,Cc1cc(Nc2ccc3ccccc3c2)c2nncn2n1,4.301029995663981,[0 0 0 ... 0 0 0]
293,CHEMBL2172232,Cc1nc(Nc2ccc3ccccc3c2)c2cn[nH]c2n1,4.0,[0 0 0 ... 0 0 0]
294,CHEMBL2172233,Cc1nc(Nc2ccc3ccccc3c2)c2nc[nH]c2n1,6.356547323513812,[0 0 0 ... 0 0 0]
295,CHEMBL2172234,Cc1cc(Nc2ccc3ccccc3c2)n2nccc2n1,6.3979400086720375,[0 0 0 ... 0 0 0]
296,CHEMBL2172235,Cc1cc(Nc2ccc3ccccc3c2)n2ncnc2c1,5.318758762624412,[0 0 0 ... 0 0 0]
297,CHEMBL2172236,Cc1cc(Nc2ccc3ccccc3c2)n2ccnc2n1,6.823908740944319,[0 0 0 ... 0 0 0]
298,CHEMBL2172237,Cc1cc(NC(=O)c2ccc(C(F)(F)F)cc2)n2ncnc2n1,4.0,[0 0 0 ... 0 0 0]
299,CHEMBL2172238,Cc1cc(NC(=O)c2ccccc2)n2ncnc2n1,4.0,[0 0 0 ... 0 0 0]
300,CHEMBL2170881,CCOC(=O)c1c(-c2ccc3c(c2)OCO3)[nH]c2cc(OC)c(F)cc2c1=O,4.522878745280337,[1 1 0 ... 0 0 0]
301,CHEMBL2170884,CCOC(=O)c1c(-c2cccc(Oc3ccccc3)c2)[nH]c2cc(OC)c(F)cc2c1=O,4.522878745280337,[1 1 0 ... 0 0 0]
302,CHEMBL2170887,CCOC(=O)c1c(-c2cccc(Cl)c2)[nH]c2cc(OC)c(F)cc2c1=O,4.522878745280337,[1 1 0 ... 0 0 0]
303,CHEMBL1093727,CCOC(=O)c1c(-c2cccc(F)c2)[nH]c2cc(OC)ccc2c1=O,4.522878745280337,[1 1 0 ... 0 0 0]
304,CHEMBL973,C/C(O)=C(\C#N)C(=O)Nc1ccc(C(F)(F)F)cc1,4.9434762759209,[0 0 0 ... 0 0 0]
305,CHEMBL222556,O=c1cc(-c2ccc(O)c(O)c2)oc2ccccc12,5.023191662661934,[0 0 0 ... 0 0 0]
306,CHEMBL2178109,O=C(Nc1nc2ccccc2s1)c1ccc(Cl)cc1Cl,5.330683119433888,[0 0 0 ... 1 0 0]
307,CHEMBL2178105,O=C(Nc1nc2ccccc2s1)c1cccc(C(Cl)(Cl)Cl)c1,5.714442690992226,[0 0 0 ... 0 0 0]
308,CHEMBL2178108,CC(=O)c1sc(Nc2ccc(C)c(Cl)c2)nc1C,6.119186407719209,[0 0 0 ... 0 0 0]
309,CHEMBL2178512,Cc1cc(NCc2ccccc2)n2nc(SCc3ccccc3)nc2n1,4.0,[1 0 0 ... 0 0 0]
310,CHEMBL2178511,Cc1cc(N)n2nc(SCc3ccc(Cl)c(Cl)c3)nc2n1,4.0,[1 0 0 ... 0 0 0]
311,CHEMBL2177862,Cc1cc(N)n2nc(SCc3ccccc3)nc2n1,4.0,[1 0 0 ... 0 0 0]
312,CHEMBL2177861,CCc1cc(O)n2nc(SCc3cc(Cl)ccc3Cl)nc2n1,4.0,[1 0 0 ... 0 0 0]
313,CHEMBL2177860,CCc1cc(O)n2nc(SCc3ccc(Cl)cc3)nc2n1,4.0,[1 0 0 ... 0 0 0]
314,CHEMBL2177859,Cc1cc(C)cc(CSc2nc3nc(C)cc(O)n3n2)c1,4.721246399047171,[1 0 0 ... 0 0 0]
315,CHEMBL2177858,Cc1cc(O)n2nc(SCc3cc(Cl)ccc3Cl)nc2n1,4.958607314841775,[1 0 0 ... 0 0 0]
316,CHEMBL2177857,Cc1cc(O)n2nc(SCc3c(Cl)cccc3Cl)nc2n1,5.455931955649724,[1 0 0 ... 1 0 0]
317,CHEMBL2177856,Cc1cc(O)n2nc(SCc3ccc(Cl)c(Cl)c3)nc2n1,5.721246399047171,[1 0 0 ... 0 0 0]
318,CHEMBL135703,Cc1cc(O)n2nc(SCc3ccccc3)nc2n1,4.207608310501746,[1 0 0 ... 0 0 0]
319,CHEMBL2177855,Cc1cc(O)n2nc(SCc3ccccc3[N+](=O)[O-])nc2n1,4.0,[1 0 0 ... 0 0 0]
320,CHEMBL2177854,COc1ccc(CSc2nc3nc(C)cc(O)n3n2)cc1,4.6777807052660805,[1 0 0 ... 0 0 0]
321,CHEMBL2177853,Cc1cc(O)n2nc(SCc3ccc(Br)cc3)nc2n1,4.481486060122113,[1 0 0 ... 0 0 0]
322,CHEMBL2178514,Cc1ccc(CSc2nc3nc(C)cc(O)n3n2)cc1,4.585026652029182,[1 0 0 ... 0 0 0]
323,CHEMBL2178513,Cc1cc(O)n2nc(SCc3cccc(Cl)c3)nc2n1,5.251811972993799,[1 0 0 ... 0 0 0]
324,CHEMBL1599552,Cc1cc(O)n2nc(SCc3ccccc3Cl)nc2n1,4.552841968657781,[1 0 0 ... 0 0 0]
325,CHEMBL1704856,Cc1cc(O)n2nc(SCc3ccc(Cl)cc3)nc2n1,6.0,[1 0 0 ... 0 0 0]
326,CHEMBL973,C/C(O)=C(\C#N)C(=O)Nc1ccc(C(F)(F)F)cc1,3.720000004094201,[0 0 0 ... 0 0 0]
327,CHEMBL141195,N#C/C(C(=O)Nc1ccc(C#N)cc1)=C(/O)C1CC1,3.150000002689481,[0 0 0 ... 0 0 0]
328,CHEMBL141732,N#C/C(C(=O)Nc1ccc(C(F)(F)F)cc1)=C(/O)C1CC1,2.9699999980697678,[0 0 0 ... 0 0 0]
329,CHEMBL344556,N#C/C(C(=O)Nc1ccc([N+](=O)[O-])cc1)=C(/O)C1CC1,3.2699999970646445,[0 0 0 ... 0 0 0]
330,CHEMBL141040,Cc1ccc(NC(=O)/C(C#N)=C(\O)C2CC2)cc1,3.0599999999781,[0 0 0 ... 0 0 0]
331,CHEMBL199574,O=C(Nc1ccccc1C(=O)O)c1ccc2cc(Br)ccc2c1,3.850000013719576,[0 0 0 ... 0 0 0]
332,CHEMBL372561,CN(C(=O)c1ccc2cc(Br)ccc2c1)c1ccccc1C(=O)O,4.030000000370884,[0 0 0 ... 0 0 0]
333,CHEMBL370865,O=C(Nc1ccccc1C(=O)O)c1ccc(-c2ccccc2)cc1,3.8100000053031366,[0 0 0 ... 0 0 0]
334,CHEMBL199572,CN(C(=O)c1ccc(-c2ccccc2)cc1)c1ccccc1C(=O)O,4.370000019141632,[0 0 0 ... 0 0 0]
335,CHEMBL2234192,O=C(Nc1ccc(Cl)cc1)Nc1cccc2cccnc12,6.260000690598032,[0 0 0 ... 0 0 0]
336,CHEMBL2234191,COc1ccccc1NC(=O)Nc1cccc2ccccc12,6.599997654072044,[0 0 0 ... 0 0 0]
337,CHEMBL1331783,O=C(Nc1ccccc1C(F)(F)F)Nc1cccc2ccccc12,6.699991797446187,[0 0 0 ... 0 0 0]
338,CHEMBL2234190,Cc1cccc(NC(=O)c2cccc([N+](=O)[O-])c2C)c1,6.519993057042849,[0 0 0 ... 0 0 0]
339,CHEMBL2234189,Cc1c(C(=O)Nc2ccc(Cl)c(Cl)c2)cccc1[N+](=O)[O-],6.599997654072044,[0 0 0 ... 0 0 0]
340,CHEMBL2234188,Cc1c(C(=O)Nc2cccc3ccccc23)cccc1[N+](=O)[O-],7.0,[0 0 0 ... 0 0 0]
341,CHEMBL2234187,Cc1c(C(=O)Nc2ccc(F)c(F)c2)cccc1[N+](=O)[O-],6.819988880942282,[0 0 0 ... 0 0 0]
342,CHEMBL217893,Cc1c(C(=O)Nc2cc(Cl)cc(Cl)c2)cccc1[N+](=O)[O-],6.819988880942282,[0 0 0 ... 1 1 0]
343,CHEMBL2234186,Cc1c(C(=O)Nc2ccc(F)c(Cl)c2)cccc1[N+](=O)[O-],7.0,[0 0 0 ... 0 0 0]
344,CHEMBL2234185,Cc1c(C(=O)Nc2cccc(Br)c2)cccc1[N+](=O)[O-],7.0,[0 0 0 ... 0 0 0]
345,CHEMBL2234184,O=C(Nc1ccccc1F)c1ccc2ccccc2c1,6.599997654072044,[0 0 0 ... 0 0 0]
346,CHEMBL2234183,Cc1ccc(NC(=O)c2ccc3ccccc3c2)c(Cl)c1,6.819988880942282,[0 0 0 ... 0 0 0]
347,CHEMBL2234182,O=C(Nc1ccc(Cl)cc1Cl)c1ccc2ccccc2c1,7.0,[0 0 0 ... 1 0 0]
348,CHEMBL475813,Cc1cc(Nc2ccc3ccccc3c2)n2ncnc2n1,7.508638306165727,[0 0 0 ... 0 0 0]
349,CHEMBL2431502,CCOC(=O)C1=C(Nc2ccc(C(F)(F)F)cc2)OCC1=O,6.847711655616943,[1 1 0 ... 0 0 0]
350,CHEMBL2431501,CCOC(=O)C1=C(Nc2ccc(S(F)(F)(F)(F)F)cc2)OCC1=O,6.774690718274137,[1 1 0 ... 0 0 0]
351,CHEMBL2431500,CCOC(=O)C1=C(Nc2ccc3c(c2)CCC3)OCC1=O,7.187086643357144,[1 0 0 ... 0 0 0]
352,CHEMBL2431499,CCOC(=O)C1=C(Nc2ccc3c(c2)CCCC3)OCC1=O,7.744727494896693,[1 0 0 ... 0 0 0]
353,CHEMBL2431498,CCOC(=O)C1=C(Nc2cnc3ccccc3c2)OCC1=O,7.102372908709558,[0 0 0 ... 0 0 0]
354,CHEMBL2431497,CCOC(=O)C1=C(Nc2ccc(C)c(C)c2)OCC1=O,6.156144577376839,[1 0 0 ... 0 0 0]
355,CHEMBL2431496,CCOC(=O)C1=C(Nc2ccc3ccccc3c2)OCC1=O,8.221848749616356,[1 0 0 ... 0 0 0]
356,CHEMBL2431495,O=C1CSC(Nc2ccc3ccccc3c2)=C1C(=O)NCC1CC1,4.301029995663981,[1 1 0 ... 0 0 0]
357,CHEMBL2431494,O=C1CSC(Nc2ccc3ccccc3c2)=C1C(=O)NC1CC1,4.879097182385473,[1 0 0 ... 0 0 0]
358,CHEMBL2431493,CCCCNC(=O)C1=C(Nc2ccc3ccccc3c2)SCC1=O,4.301029995663981,[1 1 0 ... 0 0 0]
359,CHEMBL2431492,CCCNC(=O)C1=C(Nc2ccc3ccccc3c2)SCC1=O,4.301029995663981,[1 0 0 ... 0 0 0]
360,CHEMBL2431491,CCNC(=O)C1=C(Nc2ccc3ccccc3c2)SCC1=O,4.918616682537714,[1 0 0 ... 0 0 0]
361,CHEMBL2431490,CCCCOC(=O)C1=C(Nc2ccc3ccccc3c2)SCC1=O,4.448891716356374,[1 1 0 ... 0 0 0]
362,CHEMBL2431489,CCCOC(=O)C1=C(Nc2ccc3ccccc3c2)SCC1=O,6.021819483062586,[1 0 0 ... 0 0 0]
363,CHEMBL2431488,COC(=O)C1=C(Nc2ccc3ccccc3c2)SCC1=O,7.481486060122112,[1 0 0 ... 0 0 0]
364,CHEMBL2431487,Cc1ccc(NC2=C(C(=O)NCC3CC3)C(=O)CS2)cc1C,5.436281660034322,[1 1 0 ... 0 0 0]
365,CHEMBL2431486,Cc1ccc(NC2=C(C(=O)NC3CC3)C(=O)CS2)cc1C,4.718648418327263,[1 0 0 ... 0 0 0]
366,CHEMBL2431485,CCCCNC(=O)C1=C(Nc2ccc(C)c(C)c2)SCC1=O,5.241618058225325,[1 1 0 ... 0 0 0]
367,CHEMBL2431484,CCCNC(=O)C1=C(Nc2ccc(C)c(C)c2)SCC1=O,5.334137699796845,[1 0 0 ... 0 0 0]
368,CHEMBL2431483,CCNC(=O)C1=C(Nc2ccc(C)c(C)c2)SCC1=O,4.403952992454561,[1 0 0 ... 0 0 0]
369,CHEMBL2431482,Cc1ccc(NC2=C(C(N)=O)C(=O)CS2)cc1C,4.301029995663981,[1 0 0 ... 0 0 0]
370,CHEMBL2431481,Cc1ccc(NC2=C(C(=O)OCC3CC3)C(=O)CS2)cc1C,5.3810110796350665,[1 1 0 ... 0 0 0]
371,CHEMBL2431480,CCCCOC(=O)C1=C(Nc2ccc(C)c(C)c2)SCC1=O,5.628932137728264,[1 1 0 ... 0 0 0]
372,CHEMBL2431523,CCCOC(=O)C1=C(Nc2ccc(C)c(C)c2)SCC1=O,5.394479476562531,[1 0 0 ... 0 0 0]
373,CHEMBL2431522,COC(=O)C1=C(Nc2ccc(C)c(C)c2)SCC1=O,5.827981190575444,[1 0 0 ... 0 0 0]
374,CHEMBL2431521,O=C(O)C1=C(Nc2ccc3ccccc3c2)SCC1=O,5.907279355315901,[1 0 0 ... 0 0 0]
375,CHEMBL2431520,Cc1ccc(NC2=C(C(=O)O)C(=O)CS2)cc1C,4.301029995663981,[1 0 0 ... 0 0 0]
376,CHEMBL2431519,Cc1ccc(NC2=CC(=O)CS2)cc1C,4.941536014397749,[1 0 0 ... 0 0 0]
377,CHEMBL2431518,CCOC(=O)C1=C(Nc2ccc3c(c2)c2ccccc2n3CC)SCC1=O,6.406713932979542,[1 0 0 ... 0 0 0]
378,CHEMBL2431517,CCOC(=O)C1=C(Nc2ccc3cc4ccccc4cc3c2)SCC1=O,6.705533773838407,[1 0 0 ... 0 0 0]
379,CHEMBL2431516,CCOC(=O)C1=C(Nc2ccc3c(c2)CCC3)SCC1=O,6.070070439915412,[1 0 0 ... 0 0 0]
380,CHEMBL2431515,CCOC(=O)C1=C(Nc2ccc3ccccc3c2)SCC1=O,7.698970004336019,[1 0 0 ... 0 0 0]
381,CHEMBL2431514,CCOC(=O)C1=C(Nc2cnc3ccccc3c2)SCC1=O,6.454692883534176,[0 0 0 ... 0 0 0]
382,CHEMBL2431513,CCOC(=O)C1=C(Nc2ccc3c(c2)CCCC3)SCC1=O,7.036212172654444,[1 0 0 ... 0 0 0]
383,CHEMBL2431512,CCOC(=O)C1=C(Nc2ccc(Br)cc2C)SCC1=O,4.301029995663981,[1 1 0 ... 0 0 0]
384,CHEMBL2431511,CCOC(=O)C1=C(Nc2ccc(C)c(F)c2)SCC1=O,6.27083521030723,[1 0 0 ... 0 0 0]
385,CHEMBL2431510,CCOC(=O)C1=C(Nc2ccc(C)c(C)c2)SCC1=O,6.59176003468815,[1 0 0 ... 0 0 0]
386,CHEMBL2431509,CCOC(=O)C1=C(Nc2cc(Cl)cc(Cl)c2)SCC1=O,5.925183559354825,[0 0 0 ... 1 1 0]
387,CHEMBL2431508,CCOC(=O)C1=C(Nc2cccc(C(F)(F)F)c2)SCC1=O,4.301029995663981,[1 0 0 ... 0 0 0]
388,CHEMBL2431507,CCOC(=O)C1=C(Nc2ccc(Br)c(C(F)(F)F)c2)SCC1=O,5.791827473332878,[1 0 0 ... 0 0 0]
389,CHEMBL2431506,CCOC(=O)C1=C(Nc2ccc(Cl)c(C(F)(F)F)c2)SCC1=O,6.124360062995832,[1 0 0 ... 0 0 0]
390,CHEMBL2431505,CCOC(=O)C1=C(Nc2ccc(C(C)(C)C)cc2)SCC1=O,6.6439741428068775,[1 1 0 ... 0 0 0]
391,CHEMBL2431504,CCOC(=O)C1=C(Nc2ccc(S(F)(F)(F)(F)F)cc2)SCC1=O,6.252588192113577,[1 1 0 ... 0 0 0]
392,CHEMBL2431503,CCOC(=O)C1=C(Nc2ccc(C(F)(F)F)cc2)SCC1=O,6.43533393574791,[1 1 0 ... 0 0 0]
393,CHEMBL1334527,CCOC(=O)C1=C(Nc2ccccc2)SCC1=O,4.301029995663981,[1 1 0 ... 0 0 0]
394,CHEMBL1732938,CCOC(=O)C1=C(Nc2ccc(Cl)cc2)SCC1=O,5.953504835665291,[1 1 0 ... 0 0 0]
395,CHEMBL3218512,O=C(NCC(c1ccccc1)c1ccccc1)c1ccccc1O,4.673664139071248,[1 0 0 ... 0 0 0]
396,CHEMBL3218515,O=C(NCC(c1ccccc1)c1ccccc1)c1cccc(Cl)c1O,4.355561410532162,[1 0 0 ... 0 0 0]
397,CHEMBL3218516,O=C(NCC(c1ccccc1)c1ccccc1)c1ccc(Cl)cc1O,4.987162775294828,[0 0 0 ... 0 0 0]
398,CHEMBL3218517,O=C(NCC(c1ccccc1)c1ccccc1)c1cc(Cl)ccc1O,5.040958607678906,[1 0 0 ... 0 0 0]
399,CHEMBL3218518,O=C(NCC(c1ccccc1)c1ccccc1)c1cc(Cl)cc(Cl)c1O,5.154901959985743,[1 0 0 ... 1 1 0]
400,CHEMBL3218519,O=C(NCC(c1ccccc1)c1ccccc1)c1cc(Br)ccc1O,4.966576244513051,[1 0 0 ... 0 0 0]
401,CHEMBL3217764,O=C(NCC(c1ccccc1)c1ccccc1)c1cccc(F)c1O,4.583359492661719,[1 0 0 ... 0 0 0]
402,CHEMBL3218520,O=C(NCC(c1ccccc1)c1ccccc1)c1ccc(F)c(F)c1O,5.00436480540245,[0 0 0 ... 0 0 0]
403,CHEMBL3218521,O=C(NCC(c1ccccc1)c1ccccc1)c1c(O)cccc1F,3.903089986991944,[1 0 0 ... 0 0 0]
404,CHEMBL3218522,Cc1ccc(O)c(C(=O)NCC(c2ccccc2)c2ccccc2)c1,4.841637507904751,[1 0 0 ... 0 0 0]
405,CHEMBL3218523,COc1cccc(C(=O)NCC(c2ccccc2)c2ccccc2)c1O,3.3010299956639813,[1 0 0 ... 0 0 0]
406,CHEMBL3218524,COc1ccc(C(=O)NCC(c2ccccc2)c2ccccc2)c(O)c1,4.853871964321762,[0 0 0 ... 0 0 0]
407,CHEMBL3218525,COc1ccc(O)c(C(=O)NCC(c2ccccc2)c2ccccc2)c1,4.742321425130816,[1 0 0 ... 0 0 0]
408,CHEMBL3218526,COc1cccc(O)c1C(=O)NCC(c1ccccc1)c1ccccc1,3.903089986991944,[1 0 0 ... 0 0 0]
409,CHEMBL3218527,O=C(NCC(c1ccccc1)c1ccccc1)c1cccc(CO)c1O,4.0,[1 0 0 ... 0 0 0]
410,CHEMBL3218528,O=C(NCC(c1ccccc1)c1ccccc1)c1ccc(CO)cc1O,4.335358024443875,[0 0 0 ... 0 0 0]
411,CHEMBL3218529,O=C(NCC(c1ccccc1)c1ccccc1)c1cc(CO)ccc1O,5.096910013008056,[1 0 0 ... 0 0 0]
412,CHEMBL3218530,O=Cc1ccc(C(=O)NCC(c2ccccc2)c2ccccc2)c(O)c1,4.782516055786093,[0 0 0 ... 0 0 0]
413,CHEMBL3289671,Cc1cc(Nc2cc(F)c(C(F)(F)F)c(F)c2)n2nc(C(C)(F)F)nc2n1,7.698970004336019,[0 0 0 ... 0 0 0]
414,CHEMBL3289672,Cc1cc(Nc2cc(F)c(C(F)(F)F)c(F)c2)n2nc(C(F)(F)F)nc2n1,7.657577319177793,[0 0 0 ... 0 0 0]
415,CHEMBL1956290,Cc1cc(Nc2ccc(C(F)(F)F)cc2)n2nc(C(F)(F)F)nc2n1,7.455931955649724,[0 0 0 ... 0 0 0]
416,CHEMBL3289670,Cc1cc(Nc2ccc(C(F)(F)F)c(F)c2)n2nc(C(C)(F)F)nc2n1,7.455931955649724,[0 0 0 ... 0 0 0]
417,CHEMBL1738786,Cc1cc(Nc2ccc(C(F)(F)F)cc2)n2nc(C(C)(F)F)nc2n1,7.337242168318426,[0 0 0 ... 0 0 0]
418,CHEMBL492529,Cc1cc(Nc2ccc(C(F)(F)F)cc2)n2ncnc2n1,6.568636235841013,[0 0 0 ... 0 0 0]
419,CHEMBL973,C/C(O)=C(\C#N)C(=O)Nc1ccc(C(F)(F)F)cc1,5.4089353929735005,[0 0 0 ... 0 0 0]
420,CHEMBL2178108,CC(=O)c1sc(Nc2ccc(C)c(Cl)c2)nc1C,6.200659450546418,[0 0 0 ... 0 0 0]
421,CHEMBL1235108,CC(=O)c1sc(Nc2ccccc2)nc1C,5.0,[0 0 0 ... 0 0 0]
422,CHEMBL3410570,CC(=O)c1sc(Nc2ccc(Br)cc2)nc1C,5.0,[0 0 0 ... 0 0 0]
423,CHEMBL3410571,CC(=O)c1sc(Nc2ccc(C(C)(C)C)cc2)nc1C,5.0,[0 0 0 ... 0 0 0]
424,CHEMBL3410572,CC(=O)c1sc(Nc2ccc(C)c(C)c2)nc1C,5.827105302247824,[0 0 0 ... 0 0 0]
425,CHEMBL3410573,CC(=O)c1sc(Nc2ccc(C)c(F)c2)nc1C,5.0,[0 0 0 ... 0 0 0]
426,CHEMBL3410574,CC(=O)c1sc(Nc2ccc(Cl)c(C(F)(F)F)c2)nc1C,5.370080964496458,[0 0 0 ... 0 0 0]
427,CHEMBL3410575,CC(=O)c1sc(Nc2ccc(Br)c(C(F)(F)F)c2)nc1C,5.0,[0 0 0 ... 0 0 0]
428,CHEMBL3410576,CC(=O)c1sc(Nc2ccc3ccccc3c2)nc1C,6.059981844992337,[0 0 0 ... 0 0 0]
429,CHEMBL3410577,CC(=O)c1sc(Nc2ccc3cc4ccccc4cc3c2)nc1C,5.0,[0 0 0 ... 0 0 0]
430,CHEMBL1460972,CCOC(=O)c1sc(Nc2ccc(Br)cc2)nc1C,5.610479534153622,[0 0 0 ... 0 0 0]
431,CHEMBL3410578,CCOC(=O)c1sc(Nc2ccc(C)c(C)c2)nc1C,5.0,[0 0 0 ... 0 0 0]
432,CHEMBL3410579,CCOC(=O)c1sc(Nc2ccc(C)c(F)c2)nc1C,5.0,[0 0 0 ... 0 0 0]
433,CHEMBL3410580,CCOC(=O)c1sc(Nc2ccc(C)c(Cl)c2)nc1C,5.0,[0 0 0 ... 0 0 0]
434,CHEMBL3410581,CCOC(=O)c1sc(Nc2ccc3ccccc3c2)nc1C,5.0,[0 0 0 ... 0 0 0]
435,CHEMBL3410582,CCOC(=O)c1sc(Nc2ccc(C)c(C)c2)nc1N,5.0,[0 0 0 ... 0 0 0]
436,CHEMBL3410583,CCOC(=O)c1sc(Nc2ccc(Cl)c(C(F)(F)F)c2)nc1N,5.0,[0 0 0 ... 0 0 0]
437,CHEMBL3410584,CCOC(=O)c1sc(Nc2ccc(C)c(C)c2)nc1NC(=O)C1CC1,5.0,[1 1 0 ... 0 0 0]
438,CHEMBL3410585,CCOC(=O)c1sc(Nc2ccc(Cl)c(C(F)(F)F)c2)nc1NC(=O)C1CC1,5.0,[1 1 0 ... 0 0 0]
439,CHEMBL3410586,CCOC(=O)c1sc(Nc2ccc(C)c(C)c2)nc1NC(=O)c1ccccc1,5.0,[1 0 0 ... 0 0 0]
440,CHEMBL3410587,CCOC(=O)c1sc(Nc2ccc(Cl)c(C(F)(F)F)c2)nc1NC(=O)c1ccccc1,5.0,[1 0 0 ... 0 0 0]
441,CHEMBL3410588,CCOC(=O)c1sc(Nc2ccc(C)c(C)c2)nc1C1CC1,5.0,[0 0 0 ... 0 0 0]
442,CHEMBL3410589,CCOC(=O)c1sc(Nc2ccc(C)c(F)c2)nc1C1CC1,5.0,[0 0 0 ... 0 0 0]
443,CHEMBL3410590,CCOC(=O)c1sc(Nc2ccc(C)c(Cl)c2)nc1C1CC1,5.0,[0 0 0 ... 0 0 0]
444,CHEMBL3410591,CCOC(=O)c1sc(Nc2ccc(C)c(C)c2)nc1C(C)(C)C,5.0,[0 0 0 ... 0 0 0]
445,CHEMBL3410592,CCOC(=O)c1sc(Nc2ccc(C)c(F)c2)nc1C(C)(C)C,5.0,[0 0 0 ... 0 0 0]
446,CHEMBL3410593,CCOC(=O)c1sc(Nc2ccc(C)c(Cl)c2)nc1C(C)(C)C,5.0,[0 0 0 ... 0 0 0]
447,CHEMBL3410594,CCOC(=O)c1sc(Nc2ccc(C)c(C)c2)nc1-c1ccccc1,5.0,[1 1 0 ... 0 0 0]
448,CHEMBL3410595,CCOC(=O)c1sc(Nc2ccc(C)c(F)c2)nc1-c1ccccc1,5.0,[1 1 0 ... 0 0 0]
449,CHEMBL3410596,CCOC(=O)c1sc(Nc2ccc(C)c(Cl)c2)nc1-c1ccccc1,5.0,[1 1 0 ... 0 0 0]
450,CHEMBL3410597,CCOC(=O)c1sc(Nc2ccccc2)nc1-c1ccccc1,5.0,[1 1 0 ... 0 0 0]
451,CHEMBL3410598,CCOC(=O)c1sc(Nc2ccc(OC)cc2)nc1-c1ccccc1,5.0,[1 1 0 ... 0 0 0]
452,CHEMBL3410599,CCOC(=O)c1sc(Nc2ccc(Cl)cc2)nc1-c1ccccc1,5.0,[1 1 0 ... 0 0 0]
453,CHEMBL3410600,CCOC(=O)c1sc(Nc2ccc(C(F)(F)F)cc2)nc1-c1ccccc1,5.0,[1 1 0 ... 0 0 0]
454,CHEMBL3410601,CCOC(=O)c1sc(Nc2ccc(C(C)(C)C)cc2)nc1-c1ccccc1,5.0,[1 1 0 ... 0 0 0]
455,CHEMBL3410602,CCOC(=O)c1sc(Nc2ccc(Cl)c(C(F)(F)F)c2)nc1-c1ccccc1,5.0,[1 1 0 ... 0 0 0]
456,CHEMBL3410603,CCOC(=O)c1sc(Nc2ccc(Br)c(C(F)(F)F)c2)nc1-c1ccccc1,5.0,[1 1 0 ... 0 0 0]
457,CHEMBL3410604,CCOC(=O)c1sc(Nc2ccc(Cl)c(Cl)c2)nc1-c1ccccc1,5.0,[1 1 0 ... 0 0 0]
458,CHEMBL3410605,CCOC(=O)c1sc(Nc2cc(Cl)cc(Cl)c2)nc1-c1ccccc1,5.0,[1 1 0 ... 1 1 0]
459,CHEMBL3410606,CCOC(=O)c1sc(Nc2ccc(Br)cc2C)nc1-c1ccccc1,5.0,[1 1 0 ... 0 0 0]
460,CHEMBL3410607,CCOC(=O)c1sc(Nc2ccc3c(c2)CCC3)nc1-c1ccccc1,5.0,[1 1 0 ... 0 0 0]
461,CHEMBL3410608,CCOC(=O)c1sc(Nc2ccc3c(c2)OCO3)nc1-c1ccccc1,5.0,[1 1 0 ... 0 0 0]
462,CHEMBL3410609,CCOC(=O)c1sc(Nc2ccc3c(c2)CCCC3)nc1-c1ccccc1,5.0,[1 1 0 ... 0 0 0]
463,CHEMBL3410610,CCOC(=O)c1sc(Nc2ccc3ccccc3c2)nc1-c1ccccc1,5.0,[1 1 0 ... 0 0 0]
464,CHEMBL3410611,CCOC(=O)c1sc(Nc2ccc3cc4ccccc4cc3c2)nc1-c1ccccc1,5.0,[1 1 0 ... 0 0 0]
465,CHEMBL3410612,CCOC(=O)c1sc(Nc2ccc(-c3ccccc3)cc2)nc1-c1ccccc1,5.0,[1 1 0 ... 0 0 0]
466,CHEMBL3410613,CCOC(=O)c1sc(Nc2ccc(-c3cccc(OC)c3)cc2)nc1-c1ccccc1,5.0,[1 1 0 ... 0 0 0]
467,CHEMBL3410614,CCOC(=O)c1sc(Nc2ccc(-c3ccccc3)cc2F)nc1-c1ccccc1,5.0,[1 1 0 ... 0 0 0]
468,CHEMBL3410615,CCOC(=O)c1sc(Nc2ccc(-c3cccc(OC)c3)cc2F)nc1-c1ccccc1,5.0,[1 1 0 ... 0 0 0]
469,CHEMBL3410616,CCOC(=O)c1sc(Nc2c(F)cc(-c3cccc(OC)c3)cc2F)nc1-c1ccccc1,5.0,[1 1 0 ... 0 0 0]
470,CHEMBL3410617,CCOC(=O)c1sc(Nc2ccc(Oc3ccccc3)c(Cl)c2)nc1-c1ccccc1,5.0,[1 1 0 ... 0 0 0]
471,CHEMBL3410618,CCOC(=O)c1sc(Nc2ccc(OCc3ccccc3)c(Cl)c2)nc1-c1ccccc1,5.0,[1 1 0 ... 0 0 0]
472,CHEMBL3410619,CCOC(=O)c1sc(Nc2ccc(OCc3c(F)cccc3Cl)c(Cl)c2)nc1-c1ccccc1,5.0,[1 1 0 ... 1 0 0]
473,CHEMBL475813,Cc1cc(Nc2ccc3ccccc3c2)n2ncnc2n1,7.602059991327962,[0 0 0 ... 0 0 0]
474,CHEMBL2012823,CC(C)NC(=O)c1ccc(-n2cnc3ccccc32)s1,6.164943898279883,[0 0 0 ... 0 0 0]
475,CHEMBL3690108,CCCNC(=O)c1ccc(-n2cccn2)s1,3.6020599913279625,[1 0 0 ... 0 0 0]
476,CHEMBL2012940,O=C(NC1CC1)c1ccc(-n2c(=O)[nH]c3ccccc32)s1,4.522878745280337,[1 1 0 ... 0 0 0]
477,CHEMBL3694239,Cc1nc2cc3c(cc2n1-c1ccc(C(=O)NC2CC2)s1)OCO3,6.935542010773082,[1 1 0 ... 0 0 0]
478,CHEMBL2012956,Cc1nc2cc(Cl)ccc2n1-c1ccc(C(=O)NC2CC2)s1,7.236572006437063,[1 1 0 ... 0 0 0]
479,CHEMBL3694251,Cc1ccccc1/C=C/c1cc(O)c2ccccc2n1,6.031517051446065,[0 0 0 ... 0 0 0]
480,CHEMBL3690150,Cc1nc2ccccc2n1-c1cscc1C(=O)NC1CC1,4.522878745280337,[1 1 0 ... 0 0 0]
481,CHEMBL3694250,Fc1cc(I)ccc1Nc1ccnc2cc(Cl)ccc12,6.236572006437063,[0 0 0 ... 0 0 0]
482,CHEMBL3690117,CCCNC(=O)c1ccc(N2Cc3cccc(OC)c3Oc3ncccc32)s1,4.522878745280337,[1 0 0 ... 0 0 0]
483,CHEMBL3690144,Cc1nc2cnccc2n1-c1ccc(C(=O)NC2CC2)s1,5.510885630621081,[1 1 0 ... 0 0 0]
484,CHEMBL2012828,CN(C)C(=O)c1ccc(-n2cnc3ccccc32)s1,4.522878745280337,[0 0 0 ... 0 0 0]
485,CHEMBL3694233,c1ccc2oc(-c3ccc(-c4nc5ccccc5o4)s3)nc2c1,4.522878745280337,[0 0 0 ... 0 0 0]
486,CHEMBL3694247,Cc1nc2ccc(-c3ccccc3)cc2n1-c1ccc(C(=O)NC2CC2)s1,7.050609993355087,[1 1 0 ... 0 0 0]
487,CHEMBL3690114,CCCNC(=O)c1ccc(N2CCOc3ccc(Cl)cc32)s1,5.1249387366083,[1 1 0 ... 0 0 0]
488,CHEMBL3690140,CCc1nc2cc(F)ccc2n1-c1ccc(C(=O)NC2CC2)s1,7.173925197299173,[1 1 0 ... 0 0 0]
489,CHEMBL3694237,CCCC/C(=N/OC)c1ccc(-n2cnc3ccccc32)s1,4.522878745280337,[1 1 0 ... 0 0 0]
490,CHEMBL3690146,Cc1nc2ncccc2n1-c1ccc(C(=O)NC2CC2)s1,5.321845961989562,[1 1 0 ... 0 0 0]
491,CHEMBL3690145,Cc1nc2cccnc2n1-c1ccc(C(=O)NC2CC2)s1,5.951558196449596,[1 1 0 ... 0 0 0]
492,CHEMBL2012819,NC(=O)c1ccc(-n2cnc3ccccc32)s1,4.522878745280337,[0 0 0 ... 0 0 0]
493,CHEMBL3690112,CCCNC(=O)c1ccc(N2CC(C)Sc3ccccc32)s1,4.718966632752273,[1 1 0 ... 0 0 0]
494,CHEMBL3690116,CCCNC(=O)c1ccc(N2CCSc3ncccc32)s1,4.860120913598763,[1 1 0 ... 0 0 0]
495,CHEMBL3690109,CCCNC(=O)c1ccc(N2CCN(C)CC2)s1,3.6020599913279625,[1 1 0 ... 0 0 0]
496,CHEMBL2012831,CCCc1nc2ccccc2n1-c1ccc(C(=O)NC2CC2)s1,6.7447274948966935,[1 1 1 ... 0 0 0]
497,CHEMBL3694246,Cc1nc2cc(-c3ccccc3)ccc2n1-c1ccc(C(=O)NC2CC2)s1,6.749579997691106,[1 1 0 ... 0 0 0]
498,CHEMBL3694234,CCCCC(=O)c1ccc(-n2cnc3ccccc32)s1,4.522878745280337,[1 1 0 ... 0 0 0]
499,CHEMBL3694236,CCCCC(N=O)c1ccc(-n2cnc3ccccc32)s1,4.522878745280337,[1 1 0 ... 0 0 0]
500,CHEMBL3690133,CCNC(=O)c1ccc(-n2cnc3cc(Cl)ccc32)s1,7.251811972993799,[0 0 0 ... 0 0 0]
501,CHEMBL3690107,CCCNC(=O)c1ccc(N2CCCCC2)s1,4.522878745280337,[1 1 1 ... 0 0 0]
502,CHEMBL3690126,CC[C@@H](C)NC(=O)c1ccc(-n2cnc3ccccc32)s1,4.522878745280337,[1 0 0 ... 0 0 0]
503,CHEMBL3694254,O=C(NC1CC1)c1ccc(N2CCSc3ccccc32)s1,6.6020599913279625,[1 1 0 ... 0 0 0]
504,CHEMBL3694242,Cc1nc2cc3ccccc3cc2n1-c1ccc(C(=O)NC2CC2)s1,7.455931955649724,[1 1 0 ... 0 0 0]
505,CHEMBL3690123,COc1ccc2c(c1)nc(C)n2-c1ccc(C(=O)NC2CC2)s1,6.673664139071248,[1 1 0 ... 0 0 0]
506,CHEMBL3690107,CCCNC(=O)c1ccc(N2CCCCC2)s1,3.638272163982407,[1 1 1 ... 0 0 0]
507,CHEMBL3694238,CCCC/C(=N\OC)c1ccc(-n2cnc3ccccc32)s1,4.522878745280337,[1 1 0 ... 0 0 0]
508,CHEMBL3690135,CCCc1nc2ccccc2n1-c1ccc(C(=O)NCC)s1,6.476253533188435,[1 1 1 ... 0 0 0]
509,CHEMBL3690152,Cn1c(-c2ccc(C(=O)NC3CC3)s2)nc2ccccc21,4.522878745280337,[1 1 0 ... 0 0 0]
510,CHEMBL3694236,CCCCC(N=O)c1ccc(-n2cnc3ccccc32)s1,4.522878745280337,[1 1 0 ... 0 0 0]
511,CHEMBL3690151,Cc1nc2ccccc2n1-c1cc(C(=O)NC2CC2)cs1,5.769551078621726,[0 0 0 ... 0 0 0]
512,CHEMBL3690111,CCCNC(=O)c1ccc(-n2c(C)nc3ccccc32)s1,6.769551078621726,[1 0 0 ... 0 0 0]
513,CHEMBL3694252,CCCCCC1CCCc2c1nc1ccccc1c2O,6.468521082957745,[1 1 1 ... 0 0 0]
514,CHEMBL3690154,c1ccc2[nH]c(-c3ccc(-c4nc5ccccc5[nH]4)s3)nc2c1,4.522878745280337,[0 0 0 ... 0 0 0]
515,CHEMBL2012943,Cc1cccc2c1nc(C)n2-c1ccc(C(=O)NC2CC2)s1,7.376750709602099,[1 1 0 ... 0 0 0]
516,CHEMBL3690138,CCNC(=O)c1ccc(-n2c(C)nc3cc(C)ccc32)s1,6.950781977329818,[0 0 0 ... 0 0 0]
517,CHEMBL3690111,CCCNC(=O)c1ccc(-n2c(C)nc3ccccc32)s1,6.764471553092451,[1 0 0 ... 0 0 0]
518,CHEMBL3694245,Cc1nc(-c2ccc(Cl)cc2)cn1-c1ccc(C(=O)NC2CC2)s1,6.598599459218456,[1 1 0 ... 0 0 0]
519,CHEMBL3690153,O=C(NC1CC1)c1ccc(-c2nc3ccccc3o2)s1,4.522878745280337,[1 1 0 ... 0 0 0]
520,CHEMBL3694249,O=C(NC1CC1)c1ccc(-n2ncc3ccccc32)s1,4.522878745280337,[1 1 0 ... 0 0 0]
521,CHEMBL3690122,CC[C@H](C)NC(=O)c1ccc(-n2cnc3ccccc32)s1,4.747146969020107,[1 0 0 ... 0 0 0]
522,CHEMBL3690137,CCNC(=O)c1ccc(-n2cnc3cc(C)ccc32)s1,7.1249387366083,[0 0 0 ... 0 0 0]
523,CHEMBL3690109,CCCNC(=O)c1ccc(N2CCN(C)CC2)s1,4.522878745280337,[1 1 0 ... 0 0 0]
524,CHEMBL3690148,CCNC(=O)c1ccc(-n2cc(-c3ccccc3)nc2C)s1,6.380906669373258,[0 0 0 ... 0 0 0]
525,CHEMBL2012830,CCc1nc2ccccc2n1-c1ccc(C(=O)NC2CC2)s1,6.94692155651658,[1 1 0 ... 0 0 0]
526,CHEMBL3690108,CCCNC(=O)c1ccc(-n2cccn2)s1,4.522878745280337,[1 0 0 ... 0 0 0]
527,CHEMBL2012826,CCCCNC(=O)c1ccc(-n2cnc3ccccc32)s1,4.543633966870957,[1 1 0 ... 0 0 0]
528,CHEMBL3690147,Cc1nc(-c2ccccc2)cn1-c1ccc(C(=O)NC2CC2)s1,6.657577319177793,[1 1 0 ... 0 0 0]
529,CHEMBL3690132,O=C(NC1CC1)c1ccc(-n2cnc3cc(Cl)ccc32)s1,6.779891911959945,[1 1 0 ... 0 0 0]
530,CHEMBL3694248,O=C(NC1CC1)c1ccc(-n2nnc3ccccc32)s1,4.552841968657781,[1 1 0 ... 0 0 0]
531,CHEMBL3690125,O=C(c1ccc(-n2cnc3ccccc32)s1)N1CCC1,4.782516055786093,[1 0 0 ... 0 0 0]
532,CHEMBL3690141,CCNC(=O)c1ccc(-n2cnc3cc(F)ccc32)s1,6.978810700930062,[0 0 0 ... 0 0 0]
533,CHEMBL600689,CCOC(=O)c1[nH]c(C)c(Cc2ccc(OCC)cc2)c1C,7.080921907623926,[0 0 0 ... 0 0 0]
534,CHEMBL3690131,CCNC(=O)c1ccc(-n2c(C)nc3cc(F)ccc32)s1,6.785156151952302,[0 0 0 ... 0 0 0]
535,CHEMBL3690136,Cc1ccc2c(c1)ncn2-c1ccc(C(=O)NC2CC2)s1,7.42021640338319,[1 1 0 ... 0 0 0]
536,CHEMBL3694253,CCCNC(=O)c1ccc(-n2c(C)cc3ccccc32)s1,7.154901959985743,[1 0 0 ... 0 0 0]
537,CHEMBL3690134,CCCNC(=O)c1ccc(-n2cnc3cc(Cl)ccc32)s1,6.489454989793388,[1 0 0 ... 0 0 0]
538,CHEMBL2012821,CCNC(=O)c1ccc(-n2cnc3ccccc32)s1,6.838631997765025,[0 0 0 ... 0 0 0]
539,CHEMBL2012948,Cc1nc2cc(C(F)(F)F)ccc2n1-c1ccc(C(=O)NC2CC2)s1,7.387216143280264,[1 1 0 ... 0 0 0]
540,CHEMBL3690121,O=C(c1ccc(-n2cnc3ccccc32)s1)N1CCCCC1,4.522878745280337,[1 1 0 ... 0 0 0]
541,CHEMBL3690124,Cc1nc2cc(F)ccc2n1-c1ccc(C(=O)NC2CC2)s1,7.055517327849832,[1 1 0 ... 0 0 0]
542,CHEMBL3690104,CCCNC(=S)c1ccc(-n2ccc3ccccc32)s1,6.338187314462739,[1 0 0 ... 0 0 0]
543,CHEMBL3690142,CCNC(=O)c1ccc(-n2c(CC)nc3cc(F)ccc32)s1,6.749579997691106,[1 0 0 ... 0 0 0]
544,CHEMBL3694253,CCCNC(=O)c1ccc(-n2c(C)cc3ccccc32)s1,7.376750709602099,[1 0 0 ... 0 0 0]
545,CHEMBL3694253,CCCNC(=O)c1ccc(-n2c(C)cc3ccccc32)s1,7.1938200260161125,[1 0 0 ... 0 0 0]
546,CHEMBL2012956,Cc1nc2cc(Cl)ccc2n1-c1ccc(C(=O)NC2CC2)s1,7.397940008672037,[1 1 0 ... 0 0 0]
547,CHEMBL3690139,CCNC(=O)c1ccc(-n2c(CC)nc3ccccc32)s1,6.863279432843593,[1 0 0 ... 0 0 0]
548,CHEMBL3690105,CCCNC(=O)c1ccc(N2CCOCC2)s1,3.6020599913279625,[1 1 0 ... 0 0 0]
549,CHEMBL3690120,CCNC(=O)c1ccc(-n2c(C)nc3ccccc32)s1,6.718966632752273,[0 0 0 ... 0 0 0]
550,CHEMBL2012947,Cc1nc2ccc(OC(F)(F)F)cc2n1-c1ccc(C(=O)NC2CC2)s1,7.443697499232712,[1 1 0 ... 0 0 0]
551,CHEMBL3694243,Cc1nc2cc(OC(C)C)ccc2n1-c1ccc(C(=O)NC2CC2)s1,6.91721462968355,[1 1 0 ... 0 0 0]
552,CHEMBL3694241,CCNC(=O)c1cccc(-n2c(C)nc3cc(F)ccc32)c1,4.522878745280337,[1 0 0 ... 0 0 0]
553,CHEMBL3690110,CCCNC(=O)c1ccc(-n2ccnc2)s1,3.7825160557860937,[1 0 0 ... 0 0 0]
554,CHEMBL3694240,CCNC(=O)c1ccc(-n2c(C)nc3cc(F)ccc32)cc1,5.542118103266008,[0 0 0 ... 0 0 0]
555,CHEMBL3690104,CCCNC(=S)c1ccc(-n2ccc3ccccc32)s1,6.337242168318426,[1 0 0 ... 0 0 0]
556,CHEMBL2012944,Cc1ccc2c(c1)nc(C)n2-c1ccc(C(=O)NC2CC2)s1,7.251811972993799,[1 1 0 ... 0 0 0]
557,CHEMBL2012829,Cc1nc2ccccc2n1-c1ccc(C(=O)NC2CC2)s1,7.00436480540245,[1 1 0 ... 0 0 0]
558,CHEMBL3690124,Cc1nc2cc(F)ccc2n1-c1ccc(C(=O)NC2CC2)s1,6.982966660701219,[1 1 0 ... 0 0 0]
559,CHEMBL3690115,CCCNC(=O)c1ccc(N2CCc3ccccc32)s1,4.522878745280337,[1 1 0 ... 0 0 0]
560,CHEMBL3690143,O=C(NC1CC1)c1ccc(-n2cnc3cc(F)ccc32)s1,7.236572006437063,[1 1 0 ... 0 0 0]
561,CHEMBL2012825,O=C(NC1CCC1)c1ccc(-n2cnc3ccccc32)s1,6.3788237182249645,[1 1 0 ... 0 0 0]
562,CHEMBL3690106,CCCNC(=O)c1ccc(N2CCCC2)s1,3.6020599913279625,[1 1 0 ... 0 0 0]
563,CHEMBL3690127,CCCN(C)C(=O)c1ccc(-n2cnc3ccccc32)s1,4.522878745280337,[1 0 0 ... 0 0 0]
564,CHEMBL3690113,CCCNC(=O)c1ccc(N2CCSc3ccccc32)s1,5.036212172654444,[1 1 0 ... 0 0 0]
565,CHEMBL3694232,Cn1c(-c2ccc(-c3nc4ccccc4n3C)s2)nc2ccccc21,4.522878745280337,[0 0 0 ... 0 0 0]
566,CHEMBL3694235,CCCCC(O)c1ccc(-n2cnc3ccccc32)s1,4.522878745280337,[1 1 0 ... 0 0 0]
567,CHEMBL2012820,CNC(=O)c1ccc(-n2cnc3ccccc32)s1,5.96818772866963,[0 0 0 ... 0 0 0]
568,CHEMBL2012822,CCCNC(=O)c1ccc(-n2cnc3ccccc32)s1,6.153044674980176,[1 0 0 ... 0 0 0]
569,CHEMBL2012822,CCCNC(=O)c1ccc(-n2cnc3ccccc32)s1,6.154901959985743,[1 0 0 ... 0 0 0]
570,CHEMBL3690130,CCNC(=O)c1ccc(-n2c(C)nc3cc(Cl)ccc32)s1,7.026872146400302,[0 0 0 ... 0 0 0]
571,CHEMBL1234899,Cc1nc2cc(OC(F)(F)F)ccc2n1-c1ccc(C(=O)NC2CC2)s1,7.1938200260161125,[1 1 0 ... 0 0 0]
572,CHEMBL2012827,O=C(NC1CCCC1)c1ccc(-n2cnc3ccccc32)s1,5.6010189333418685,[1 1 1 ... 0 0 0]
573,CHEMBL2012824,O=C(NC1CC1)c1ccc(-n2cnc3ccccc32)s1,7.251811972993799,[1 1 0 ... 0 0 0]
574,CHEMBL3690128,CCCNC(=O)c1ccc(-n2c(C)nc3cc(F)ccc32)s1,6.30189945437661,[1 0 0 ... 0 0 0]
575,CHEMBL3690149,Cc1nc(-c2ccc(F)cc2)cn1-c1ccc(C(=O)NC2CC2)s1,6.619788758288394,[1 1 0 ... 0 0 0]
576,CHEMBL3694244,Cc1nc2cc(F)c(F)cc2n1-c1ccc(C(=O)NC2CC2)s1,6.978810700930062,[1 1 0 ... 0 0 0]
577,CHEMBL3690118,O=C(c1ccc(-n2cnc3ccccc32)s1)N1CCCC1,4.522878745280337,[1 1 0 ... 0 0 0]
578,CHEMBL2012829,Cc1nc2ccccc2n1-c1ccc(C(=O)NC2CC2)s1,7.130768280269024,[1 1 0 ... 0 0 0]
579,CHEMBL3690119,O=C(NCCO)c1ccc(-n2cnc3ccccc32)s1,4.853871964321762,[1 0 0 ... 0 0 0]
580,CHEMBL3690129,CCCNC(=O)c1ccc(-n2c(C)nc3cc(Cl)ccc32)s1,6.621602099051862,[1 0 0 ... 0 0 0]
581,CHEMBL475813,Cc1cc(Nc2ccc3ccccc3c2)n2ncnc2n1,7.327902142064283,[0 0 0 ... 0 0 0]
582,CHEMBL3818535,Cc1cc(=O)n2nc(SCc3ccc(Cl)cc3)nc2[nH]1,6.0,[1 0 0 ... 0 0 0]
583,CHEMBL475813,Cc1cc(Nc2ccc3ccccc3c2)n2ncnc2n1,7.187086643357144,[0 0 0 ... 0 0 0]
584,CHEMBL4464362,O=C(NCC(c1ccccc1)c1ccccc1)c1nonc1O,4.1249387366083,[0 0 0 ... 0 0 0]
585,CHEMBL4517934,O=C(NCC(c1ccccc1)c1ccccc1)c1nsnc1O,4.920818753952375,[0 0 0 ... 0 0 0]
586,CHEMBL4436588,O=C(NCc1ccccc1)c1nsnc1O,4.455931955649724,[0 0 0 ... 0 0 0]
587,CHEMBL4437588,Cn1cc(C(=O)NCC(c2ccccc2)c2ccccc2)c(O)n1,3.6020599913279625,[0 0 0 ... 0 0 0]
588,CHEMBL4526067,Cc1c(C(=O)NCC(c2ccccc2)c2ccccc2)c(O)nn1C,3.6020599913279625,[0 0 0 ... 0 0 0]
589,CHEMBL4457827,Cn1nc(O)c(C(=O)O)c1COc1ccccc1,4.721246399047171,[0 0 0 ... 0 0 0]
590,CHEMBL4514989,Cn1nc(O)c(C(=O)O)c1CNc1ccccc1,4.795880017344075,[0 0 0 ... 0 0 0]
591,CHEMBL4451149,CN(Cc1c(C(=O)O)c(O)nn1C)c1ccccc1,4.638272163982407,[0 0 0 ... 0 0 0]
592,CHEMBL4514633,Cn1nc(O)c(C(=O)O)c1CSc1ccccc1,4.6020599913279625,[0 0 0 ... 0 0 0]
593,CHEMBL4458056,Cn1nc(O)c(C(=O)O)c1COc1cccc(C(F)(F)F)c1,5.552841968657781,[0 0 0 ... 0 0 0]
594,CHEMBL4539458,Cn1nc(O)c(C(=O)O)c1COc1ccc(C(F)(F)F)cc1,5.275724130399211,[0 0 0 ... 0 0 0]
595,CHEMBL4440085,CCOC(=O)c1c(O)nn(C)c1COc1ccccc1,3.6020599913279625,[0 0 0 ... 0 0 0]
596,CHEMBL4544292,CCOc1nn(C)c(COc2ccccc2)c1C(=O)O,3.6020599913279625,[0 0 0 ... 0 0 0]
597,CHEMBL4569109,Cn1nc(OCC2CC2)c(C(=O)O)c1COc1ccccc1,3.6020599913279625,[1 1 0 ... 0 0 0]
598,CHEMBL4568957,Cn1nc(OCc2ccccc2)c(C(=O)O)c1COc1ccccc1,3.6020599913279625,[0 0 0 ... 0 0 0]
599,CHEMBL4449622,Cn1nc(O)c(C(N)=O)c1COc1ccccc1,3.6020599913279625,[0 0 0 ... 0 0 0]
600,CHEMBL1956285,Cc1cc(Nc2ccc(S(F)(F)(F)(F)F)cc2)n2nc(C(C)(F)F)nc2n1,8.0,[0 0 0 ... 0 0 0]
601,CHEMBL4545127,Cc1cc(Nc2ccc(S(F)(F)(F)(F)F)c(F)c2)n2nc(C(C)(F)F)nc2n1,8.0,[0 0 0 ... 0 0 0]
